2019.4.19,14:40:57,50144,A2-25-66-01-0B-00-12-E0,24404,1
2019.4.19,14:40:58,50140,A2-25-66-01-0B-00-12-E0,25630,1
2019.4.19,14:40:59,50128,A2-25-66-01-0B-00-12-E0,26644,1
2019.4.19,14:41:01,50125,A2-25-66-01-0B-00-12-E0,28169,1
2019.4.19,14:41:03,50124,A2-25-66-01-0B-00-12-E0,30024,1
2019.4.19,14:41:04,50130,A2-25-66-01-0B-00-12-E0,31226,1
2019.4.19,14:41:10,50134,A2-25-66-01-0B-00-12-E0,37417,1
2019.4.19,14:41:14,50151,A2-25-66-01-0B-00-12-E0,41177,1
2019.4.19,14:41:16,50149,A2-25-66-01-0B-00-12-E0,43243,1
2019.4.19,14:41:21,50150,A2-25-66-01-0B-00-12-E0,48204,1
2019.4.19,14:43:44,50151,9B-26-66-01-0B-00-12-E0,191086,1
2019.4.19,14:44:07,50151,9B-26-66-01-0B-00-12-E0,213905,0
2019.4.19,14:44:12,50150,AE-25-66-01-0B-00-12-E0,219516,1
2019.4.19,14:44:13,50150,AE-25-66-01-0B-00-12-E0,219930,0
2019.4.19,14:44:26,50150,AE-25-66-01-0B-00-12-E0,233117,0
2019.4.19,14:44:30,50150,AE-25-66-01-0B-00-12-E0,237410,0
2019.4.19,14:44:31,50150,AE-25-66-01-0B-00-12-E0,237859,0
2019.4.19,14:44:31,50150,AE-25-66-01-0B-00-12-E0,238267,0
2019.4.19,14:44:32,50150,AE-25-66-01-0B-00-12-E0,238678,0
2019.4.19,14:44:39,50150,AE-25-66-01-0B-00-12-E0,245808,0
2019.4.19,14:44:39,50150,AE-25-66-01-0B-00-12-E0,246592,0
2019.4.19,14:44:40,50150,AE-25-66-01-0B-00-12-E0,247029,0
2019.4.19,14:44:40,50150,AE-25-66-01-0B-00-12-E0,247465,0
2019.4.19,14:44:45,50150,AE-25-66-01-0B-00-12-E0,252459,0
2019.4.19,14:44:46,50150,AE-25-66-01-0B-00-12-E0,252863,0
2019.4.19,14:44:46,50150,AE-25-66-01-0B-00-12-E0,253622,0
2019.4.19,14:44:47,50150,AE-25-66-01-0B-00-12-E0,254400,0
2019.4.19,14:44:48,50150,AE-25-66-01-0B-00-12-E0,254843,0
2019.4.19,14:44:48,50150,AE-25-66-01-0B-00-12-E0,255245,0
2019.4.19,14:44:48,50150,AE-25-66-01-0B-00-12-E0,255646,0
2019.4.19,14:44:53,50150,AE-25-66-01-0B-00-12-E0,260344,0
2019.4.19,14:44:57,50150,AE-25-66-01-0B-00-12-E0,263958,0
2019.4.19,14:44:57,50150,AE-25-66-01-0B-00-12-E0,264403,0
2019.4.19,14:44:58,50150,AE-25-66-01-0B-00-12-E0,264773,0
2019.4.19,14:45:05,50150,AE-25-66-01-0B-00-12-E0,271980,0
2019.4.19,14:45:05,50150,AE-25-66-01-0B-00-12-E0,272390,0
2019.4.19,14:45:06,50150,AE-25-66-01-0B-00-12-E0,272827,0
2019.4.19,14:45:06,50150,AE-25-66-01-0B-00-12-E0,273264,0
2019.4.19,14:45:06,50150,AE-25-66-01-0B-00-12-E0,273636,0
2019.4.19,14:45:07,50150,AE-25-66-01-0B-00-12-E0,274052,0
2019.4.19,14:45:07,50150,AE-25-66-01-0B-00-12-E0,274473,0
2019.4.19,14:45:08,50150,AE-25-66-01-0B-00-12-E0,274890,0
2019.4.19,14:45:22,50150,AE-25-66-01-0B-00-12-E0,289181,0
2019.4.19,14:45:22,50150,AE-25-66-01-0B-00-12-E0,289581,0
2019.4.19,14:45:23,50150,AE-25-66-01-0B-00-12-E0,289981,0
2019.4.19,14:45:24,50150,AE-25-66-01-0B-00-12-E0,291507,0
2019.4.19,14:45:25,50150,AE-25-66-01-0B-00-12-E0,291939,0
2019.4.19,14:45:26,50150,AE-25-66-01-0B-00-12-E0,292708,0
2019.4.19,14:45:26,50150,AE-25-66-01-0B-00-12-E0,293447,0
2019.4.19,14:45:27,50150,AE-25-66-01-0B-00-12-E0,293847,0
2019.4.19,14:45:27,50150,AE-25-66-01-0B-00-12-E0,294281,0
2019.4.19,14:45:32,50150,AE-25-66-01-0B-00-12-E0,299313,0
2019.4.19,14:45:33,50150,AE-25-66-01-0B-00-12-E0,299748,0
2019.4.19,14:45:33,50150,AE-25-66-01-0B-00-12-E0,300482,0
2019.4.19,14:45:34,50150,AE-25-66-01-0B-00-12-E0,300914,0
2019.4.19,14:45:35,50150,AE-25-66-01-0B-00-12-E0,301679,0
2019.4.19,14:45:35,50150,AE-25-66-01-0B-00-12-E0,302079,0
2019.4.19,14:45:36,50150,AE-25-66-01-0B-00-12-E0,302878,0
2019.4.19,14:45:36,50150,AE-25-66-01-0B-00-12-E0,303614,0
2019.4.19,14:45:37,50150,AE-25-66-01-0B-00-12-E0,304048,0
2019.4.19,14:45:37,50150,AE-25-66-01-0B-00-12-E0,304447,0
2019.4.19,14:45:38,50150,AE-25-66-01-0B-00-12-E0,305595,0
2019.4.19,14:45:39,50150,AE-25-66-01-0B-00-12-E0,306003,0
2019.4.19,14:45:39,50150,AE-25-66-01-0B-00-12-E0,306417,0
2019.4.19,14:45:40,50150,AE-25-66-01-0B-00-12-E0,306831,0
2019.4.19,14:45:40,50150,AE-25-66-01-0B-00-12-E0,307248,0
2019.4.19,14:45:40,50150,AE-25-66-01-0B-00-12-E0,307667,0
2019.4.19,14:45:41,50150,AE-25-66-01-0B-00-12-E0,308086,0
2019.4.19,14:45:42,50150,AE-25-66-01-0B-00-12-E0,309191,0
2019.4.19,14:45:42,50150,AE-25-66-01-0B-00-12-E0,309600,0
2019.4.19,14:45:45,50150,AE-25-66-01-0B-00-12-E0,311767,0
2019.4.19,14:45:45,50150,AE-25-66-01-0B-00-12-E0,312557,0
2019.4.19,14:45:53,50150,AE-25-66-01-0B-00-12-E0,320085,0
2019.4.19,14:45:53,50150,AE-25-66-01-0B-00-12-E0,320485,0
2019.4.19,14:45:54,50150,AE-25-66-01-0B-00-12-E0,321618,0
2019.4.19,14:45:55,50150,AE-25-66-01-0B-00-12-E0,322018,0
2019.4.19,14:45:56,50150,AE-25-66-01-0B-00-12-E0,323151,0
2019.4.19,14:45:56,50150,AE-25-66-01-0B-00-12-E0,323584,0
2019.4.19,14:45:57,50150,AE-25-66-01-0B-00-12-E0,323951,0
2019.4.19,14:45:58,50150,AE-25-66-01-0B-00-12-E0,325083,0
2019.4.19,14:45:58,50150,AE-25-66-01-0B-00-12-E0,325517,0
2019.4.19,14:46:07,50150,AE-25-66-01-0B-00-12-E0,334466,0
2019.4.19,14:46:08,50150,AE-25-66-01-0B-00-12-E0,335238,0
2019.4.19,14:46:09,50150,AE-25-66-01-0B-00-12-E0,335992,0
2019.4.19,14:46:09,50150,AE-25-66-01-0B-00-12-E0,336409,0
2019.4.19,14:46:10,50150,AE-25-66-01-0B-00-12-E0,336826,0
2019.4.19,14:46:10,50150,AE-25-66-01-0B-00-12-E0,337242,0
2019.4.19,14:46:11,50150,AE-25-66-01-0B-00-12-E0,338014,0
2019.4.19,14:46:11,50150,AE-25-66-01-0B-00-12-E0,338393,0
2019.4.19,14:46:12,50150,AE-25-66-01-0B-00-12-E0,338811,0
2019.4.19,14:46:12,50150,AE-25-66-01-0B-00-12-E0,339228,0
2019.4.19,14:46:13,50150,AE-25-66-01-0B-00-12-E0,340038,0
2019.4.19,14:46:13,50150,AE-25-66-01-0B-00-12-E0,340438,0
2019.4.19,14:46:14,50150,AE-25-66-01-0B-00-12-E0,341537,0
2019.4.19,14:46:24,50150,AE-25-66-01-0B-00-12-E0,350846,0
2019.4.19,14:46:30,50150,AE-25-66-01-0B-00-12-E0,356950,0
2019.4.19,14:46:31,50150,AE-25-66-01-0B-00-12-E0,357755,0
2019.4.19,14:46:31,50150,AE-25-66-01-0B-00-12-E0,358188,0
2019.4.19,14:46:34,50150,AE-25-66-01-0B-00-12-E0,360716,0
2019.4.19,14:46:34,50150,AE-25-66-01-0B-00-12-E0,361107,0
2019.4.19,14:46:36,50150,AE-25-66-01-0B-00-12-E0,362984,0
2019.4.19,14:46:38,50134,9B-26-66-01-0B-00-12-E0,364862,1
2019.4.19,14:46:38,50150,AE-25-66-01-0B-00-12-E0,365159,0
2019.4.19,14:46:38,50150,AE-25-66-01-0B-00-12-E0,365592,0
2019.4.19,14:46:39,50150,AE-25-66-01-0B-00-12-E0,365993,0
2019.4.19,14:46:39,50150,AE-25-66-01-0B-00-12-E0,366425,0
2019.4.19,14:46:40,50150,AE-25-66-01-0B-00-12-E0,367194,0
2019.4.19,14:46:40,50134,9B-26-66-01-0B-00-12-E0,367431,0
2019.4.19,14:46:40,50150,AE-25-66-01-0B-00-12-E0,367594,0
2019.4.19,14:46:41,50134,9B-26-66-01-0B-00-12-E0,368095,0
2019.4.19,14:46:41,50134,9B-26-66-01-0B-00-12-E0,368463,0
2019.4.19,14:46:44,50150,AE-25-66-01-0B-00-12-E0,371207,0
2019.4.19,14:46:44,50150,AE-25-66-01-0B-00-12-E0,371606,0
2019.4.19,14:46:45,50150,AE-25-66-01-0B-00-12-E0,372017,0
2019.4.19,14:46:46,50150,AE-25-66-01-0B-00-12-E0,372776,0
2019.4.19,14:46:46,50150,AE-25-66-01-0B-00-12-E0,373222,0
2019.4.19,14:46:46,50150,AE-25-66-01-0B-00-12-E0,373660,0
2019.4.19,14:46:49,50134,9B-26-66-01-0B-00-12-E0,376011,0
2019.4.19,14:46:56,50134,9B-26-66-01-0B-00-12-E0,383227,0
2019.4.19,14:46:56,50134,9B-26-66-01-0B-00-12-E0,383637,0
2019.4.19,14:46:58,50134,9B-26-66-01-0B-00-12-E0,384897,0
2019.4.19,14:47:05,50150,AE-25-66-01-0B-00-12-E0,392514,0
2019.4.19,14:47:06,50150,AE-25-66-01-0B-00-12-E0,392892,0
2019.4.19,14:47:07,50150,AE-25-66-01-0B-00-12-E0,394020,0
2019.4.19,14:47:10,50150,AE-25-66-01-0B-00-12-E0,397293,0
2019.4.19,14:47:11,50150,AE-25-66-01-0B-00-12-E0,397732,0
2019.4.19,14:47:11,50150,AE-25-66-01-0B-00-12-E0,398110,0
2019.4.19,14:47:11,50150,AE-25-66-01-0B-00-12-E0,398514,0
2019.4.19,14:47:12,50150,AE-25-66-01-0B-00-12-E0,398943,0
2019.4.19,14:47:12,50150,AE-25-66-01-0B-00-12-E0,399341,0
2019.4.19,14:47:13,50150,AE-25-66-01-0B-00-12-E0,399776,0
2019.4.19,14:47:13,50150,AE-25-66-01-0B-00-12-E0,400177,0
2019.4.19,14:47:13,50150,AE-25-66-01-0B-00-12-E0,400578,0
2019.4.19,14:47:14,50150,AE-25-66-01-0B-00-12-E0,401010,0
2019.4.19,14:47:14,50150,AE-25-66-01-0B-00-12-E0,401410,0
2019.4.19,14:47:15,50150,AE-25-66-01-0B-00-12-E0,401844,0
2019.4.19,14:47:15,50150,AE-25-66-01-0B-00-12-E0,402578,0
2019.4.19,14:47:16,50150,AE-25-66-01-0B-00-12-E0,403011,0
2019.4.19,14:47:17,50150,AE-25-66-01-0B-00-12-E0,403790,0
2019.4.19,14:47:17,50150,AE-25-66-01-0B-00-12-E0,404179,0
2019.4.19,14:47:17,50150,AE-25-66-01-0B-00-12-E0,404642,0
2019.4.19,14:47:18,50150,AE-25-66-01-0B-00-12-E0,405389,0
2019.4.19,14:47:19,50150,AE-25-66-01-0B-00-12-E0,405792,0
2019.4.19,14:47:19,50150,AE-25-66-01-0B-00-12-E0,406227,0
2019.4.19,14:47:19,50150,AE-25-66-01-0B-00-12-E0,406627,0
2019.4.19,14:47:20,50150,AE-25-66-01-0B-00-12-E0,407066,0
2019.4.19,14:47:20,50150,AE-25-66-01-0B-00-12-E0,407445,0
2019.4.19,14:47:21,50150,AE-25-66-01-0B-00-12-E0,407876,0
2019.4.19,14:47:21,50150,AE-25-66-01-0B-00-12-E0,408292,0
2019.4.19,14:47:22,50150,AE-25-66-01-0B-00-12-E0,408710,0
2019.4.19,14:47:22,50150,AE-25-66-01-0B-00-12-E0,409124,0
2019.4.19,14:47:22,50150,AE-25-66-01-0B-00-12-E0,409544,0
2019.4.19,14:47:23,50150,AE-25-66-01-0B-00-12-E0,409962,0
2019.4.19,14:47:24,50150,AE-25-66-01-0B-00-12-E0,410723,0
2019.4.19,14:47:24,50150,AE-25-66-01-0B-00-12-E0,411157,0
2019.4.19,14:47:24,50150,AE-25-66-01-0B-00-12-E0,411596,0
2019.4.19,14:47:25,50150,AE-25-66-01-0B-00-12-E0,411962,0
2019.4.19,14:47:25,50150,AE-25-66-01-0B-00-12-E0,412395,0
2019.4.19,14:47:26,50150,AE-25-66-01-0B-00-12-E0,413498,0
2019.4.19,14:47:27,50150,AE-25-66-01-0B-00-12-E0,413931,0
2019.4.19,14:47:27,50150,AE-25-66-01-0B-00-12-E0,414364,0
2019.4.19,14:47:28,50150,AE-25-66-01-0B-00-12-E0,414762,0
2019.4.19,14:47:28,50150,AE-25-66-01-0B-00-12-E0,415164,0
2019.4.19,14:47:28,50150,AE-25-66-01-0B-00-12-E0,415596,0
2019.4.19,14:47:29,50150,AE-25-66-01-0B-00-12-E0,416028,0
2019.4.19,14:47:29,50150,AE-25-66-01-0B-00-12-E0,416464,0
2019.4.19,14:47:30,50150,AE-25-66-01-0B-00-12-E0,416829,0
2019.4.19,14:47:30,50150,AE-25-66-01-0B-00-12-E0,417263,0
2019.4.19,14:47:30,50150,AE-25-66-01-0B-00-12-E0,417662,0
2019.4.19,14:47:31,50150,AE-25-66-01-0B-00-12-E0,418099,0
2019.4.19,14:47:32,50150,AE-25-66-01-0B-00-12-E0,418865,0
2019.4.19,14:47:32,50150,AE-25-66-01-0B-00-12-E0,419265,0
2019.4.19,14:47:33,50150,AE-25-66-01-0B-00-12-E0,419697,0
2019.4.19,14:47:33,50150,AE-25-66-01-0B-00-12-E0,420096,0
2019.4.19,14:47:34,50150,AE-25-66-01-0B-00-12-E0,420896,0
2019.4.19,14:47:34,50150,AE-25-66-01-0B-00-12-E0,421328,0
2019.4.19,14:47:35,50150,AE-25-66-01-0B-00-12-E0,421729,0
2019.4.19,14:47:36,50150,AE-25-66-01-0B-00-12-E0,422827,0
2019.4.19,14:47:36,50150,AE-25-66-01-0B-00-12-E0,423260,0
2019.4.19,14:47:37,50150,AE-25-66-01-0B-00-12-E0,424361,0
2019.4.19,14:47:38,50150,AE-25-66-01-0B-00-12-E0,424794,0
2019.4.19,14:47:56,50150,AE-25-66-01-0B-00-12-E0,443364,0
2019.4.19,14:47:57,50150,AE-25-66-01-0B-00-12-E0,443766,0
2019.4.19,14:47:57,50150,AE-25-66-01-0B-00-12-E0,444208,0
2019.4.19,14:47:57,50150,AE-25-66-01-0B-00-12-E0,444650,0
2019.4.19,14:47:58,50150,AE-25-66-01-0B-00-12-E0,445060,0
2019.4.19,14:47:59,50150,AE-25-66-01-0B-00-12-E0,446153,0
2019.4.19,14:48:00,50150,AE-25-66-01-0B-00-12-E0,446936,0
2019.4.19,14:48:02,50150,AE-25-66-01-0B-00-12-E0,449482,0
2019.4.19,14:48:03,50150,AE-25-66-01-0B-00-12-E0,449895,0
2019.4.19,14:48:03,50150,AE-25-66-01-0B-00-12-E0,450342,0
2019.4.19,14:48:04,50150,AE-25-66-01-0B-00-12-E0,450725,0
2019.4.19,14:48:04,50150,AE-25-66-01-0B-00-12-E0,451477,0
2019.4.19,14:48:05,50150,AE-25-66-01-0B-00-12-E0,451891,0
2019.4.19,14:48:06,50150,AE-25-66-01-0B-00-12-E0,452684,0
2019.4.19,14:48:11,50150,AE-25-66-01-0B-00-12-E0,457745,0
2019.4.19,14:48:11,50150,AE-25-66-01-0B-00-12-E0,458130,0
2019.4.19,14:48:11,50150,AE-25-66-01-0B-00-12-E0,458545,0
2019.4.19,14:48:12,50150,AE-25-66-01-0B-00-12-E0,458963,0
2019.4.19,14:48:12,50150,AE-25-66-01-0B-00-12-E0,459382,0
2019.4.19,14:48:13,50150,AE-25-66-01-0B-00-12-E0,459800,0
2019.4.19,14:48:14,50150,AE-25-66-01-0B-00-12-E0,461255,0
2019.4.19,14:48:42,50124,9D-29-66-01-0B-00-12-E0,488825,1
2019.4.19,14:48:42,50124,9D-29-66-01-0B-00-12-E0,489255,0
2019.4.19,14:48:47,50124,9D-29-66-01-0B-00-12-E0,494321,0
2019.4.19,14:48:48,50124,9D-29-66-01-0B-00-12-E0,494717,0
2019.4.19,14:48:49,50124,9D-29-66-01-0B-00-12-E0,496187,0
2019.4.19,14:48:52,50124,9D-29-66-01-0B-00-12-E0,498757,0
2019.4.19,14:48:53,50124,9D-29-66-01-0B-00-12-E0,500590,0
2019.4.19,14:48:54,50124,9D-29-66-01-0B-00-12-E0,501055,0
2019.4.19,14:48:54,50124,9D-29-66-01-0B-00-12-E0,501456,0
2019.4.19,14:48:55,50124,9D-29-66-01-0B-00-12-E0,502189,0
2019.4.19,14:48:55,50124,9D-29-66-01-0B-00-12-E0,502622,0
2019.4.19,14:48:56,50124,9D-29-66-01-0B-00-12-E0,503022,0
2019.4.19,14:48:59,50124,9D-29-66-01-0B-00-12-E0,506622,0
2019.4.19,14:49:00,50124,9D-29-66-01-0B-00-12-E0,507022,0
2019.4.19,14:49:01,50124,9D-29-66-01-0B-00-12-E0,507820,0
2019.4.19,14:49:01,50124,9D-29-66-01-0B-00-12-E0,508254,0
2019.4.19,14:49:02,50124,9D-29-66-01-0B-00-12-E0,508688,0
2019.4.19,14:49:02,50124,9D-29-66-01-0B-00-12-E0,509089,0
2019.4.19,14:49:03,50124,9D-29-66-01-0B-00-12-E0,509858,0
2019.4.19,14:49:03,50124,9D-29-66-01-0B-00-12-E0,510260,0
2019.4.19,14:49:04,50124,9D-29-66-01-0B-00-12-E0,510691,0
2019.4.19,14:49:04,50124,9D-29-66-01-0B-00-12-E0,511057,0
2019.4.19,14:49:04,50124,9D-29-66-01-0B-00-12-E0,511490,0
2019.4.19,14:49:06,50134,9B-26-66-01-0B-00-12-E0,513172,1
2019.4.19,14:49:06,50134,9B-26-66-01-0B-00-12-E0,513573,0
2019.4.19,14:49:12,50134,9B-26-66-01-0B-00-12-E0,518914,0
2019.4.19,14:49:26,50124,9D-29-66-01-0B-00-12-E0,532830,0
2019.4.19,14:49:26,50124,9D-29-66-01-0B-00-12-E0,533257,0
2019.4.19,14:49:27,50124,9D-29-66-01-0B-00-12-E0,533689,0
2019.4.19,14:49:27,50124,9D-29-66-01-0B-00-12-E0,534422,0
2019.4.19,14:49:28,50124,9D-29-66-01-0B-00-12-E0,534854,0
2019.4.19,14:49:28,50124,9D-29-66-01-0B-00-12-E0,535623,0
2019.4.19,14:49:29,50124,9D-29-66-01-0B-00-12-E0,536389,0
2019.4.19,14:49:30,50124,9D-29-66-01-0B-00-12-E0,536792,0
2019.4.19,14:49:31,50124,9D-29-66-01-0B-00-12-E0,537921,0
2019.4.19,14:49:32,50124,9D-29-66-01-0B-00-12-E0,538710,0
2019.4.19,14:49:32,50124,9D-29-66-01-0B-00-12-E0,539472,0
2019.4.19,14:49:33,50124,9D-29-66-01-0B-00-12-E0,539914,0
2019.4.19,14:49:33,50124,9D-29-66-01-0B-00-12-E0,540287,0
2019.4.19,14:49:33,50134,9B-26-66-01-0B-00-12-E0,540404,0
2019.4.19,14:49:34,50134,9B-26-66-01-0B-00-12-E0,540783,0
2019.4.19,14:49:34,50124,9D-29-66-01-0B-00-12-E0,541077,0
2019.4.19,14:49:34,50134,9B-26-66-01-0B-00-12-E0,541125,0
2019.4.19,14:49:34,50124,9D-29-66-01-0B-00-12-E0,541481,0
2019.4.19,14:49:34,50134,9B-26-66-01-0B-00-12-E0,541527,0
2019.4.19,14:49:35,50124,9D-29-66-01-0B-00-12-E0,542636,0
2019.4.19,14:49:43,50134,9B-26-66-01-0B-00-12-E0,549691,0
2019.4.19,14:50:17,50150,AE-25-66-01-0B-00-12-E0,584536,1
2019.4.19,14:50:20,50150,AE-25-66-01-0B-00-12-E0,586735,0
2019.4.19,14:50:20,50150,AE-25-66-01-0B-00-12-E0,587144,0
2019.4.19,14:52:24,50124,9D-29-66-01-0B-00-12-E0,710769,1
2019.4.19,14:52:24,50124,9D-29-66-01-0B-00-12-E0,711174,0
2019.4.19,14:52:24,50124,9D-29-66-01-0B-00-12-E0,711578,0
2019.4.19,14:52:26,50124,9D-29-66-01-0B-00-12-E0,713441,0
2019.4.19,14:52:27,50124,9D-29-66-01-0B-00-12-E0,713873,0
2019.4.19,14:52:27,50124,9D-29-66-01-0B-00-12-E0,714606,0
2019.4.19,14:53:05,50151,9B-26-66-01-0B-00-12-E0,751907,1
2019.4.19,14:53:28,50134,9B-26-66-01-0B-00-12-E0,775476,1
2019.4.19,14:53:29,50134,9B-26-66-01-0B-00-12-E0,775822,0
2019.4.19,14:53:37,50134,9B-26-66-01-0B-00-12-E0,783689,0
2019.4.19,14:53:38,50134,9B-26-66-01-0B-00-12-E0,785326,0
2019.4.19,14:58:41,50124,9D-29-66-01-0B-00-12-E0,1088013,1
2019.4.19,14:58:42,50124,9D-29-66-01-0B-00-12-E0,1089154,0
2019.4.19,14:58:43,50124,9D-29-66-01-0B-00-12-E0,1090260,0
2019.4.19,14:58:43,50124,9D-29-66-01-0B-00-12-E0,1090657,0
2019.4.19,14:58:46,50124,9D-29-66-01-0B-00-12-E0,1092859,0
2019.4.19,14:58:46,50124,9D-29-66-01-0B-00-12-E0,1093292,0
2019.4.19,14:58:47,50124,9D-29-66-01-0B-00-12-E0,1094426,0
2019.4.19,14:58:48,50124,9D-29-66-01-0B-00-12-E0,1094792,0
2019.4.19,14:59:10,50124,9D-29-66-01-0B-00-12-E0,1116927,0
2019.4.19,14:59:11,50124,9D-29-66-01-0B-00-12-E0,1117704,0
2019.4.19,14:59:11,50124,9D-29-66-01-0B-00-12-E0,1118111,0
2019.4.19,14:59:12,50124,9D-29-66-01-0B-00-12-E0,1118851,0
2019.4.19,14:59:12,50124,9D-29-66-01-0B-00-12-E0,1119628,0
2019.4.19,14:59:19,50150,AE-25-66-01-0B-00-12-E0,1125933,1
2019.4.19,14:59:55,50151,9B-26-66-01-0B-00-12-E0,1161946,1
2019.4.19,14:59:56,50151,9B-26-66-01-0B-00-12-E0,1163470,0
2019.4.19,15:00:15,50151,9B-26-66-01-0B-00-12-E0,1182020,0
2019.4.19,15:00:23,50151,9B-26-66-01-0B-00-12-E0,1189892,0
2019.4.19,15:00:29,50151,9B-26-66-01-0B-00-12-E0,1196376,0
2019.4.19,15:00:32,50151,9B-26-66-01-0B-00-12-E0,1198893,0
2019.4.19,15:00:47,50151,9B-26-66-01-0B-00-12-E0,1214246,0
2019.4.19,15:00:49,50151,9B-26-66-01-0B-00-12-E0,1215759,0
2019.4.19,15:01:13,50124,9D-29-66-01-0B-00-12-E0,1239974,1
2019.4.19,15:01:13,50124,9D-29-66-01-0B-00-12-E0,1240412,0
2019.4.19,15:01:14,50124,9D-29-66-01-0B-00-12-E0,1241190,0
2019.4.19,15:01:15,50124,9D-29-66-01-0B-00-12-E0,1242278,0
2019.4.19,15:01:16,50124,9D-29-66-01-0B-00-12-E0,1242713,0
2019.4.19,15:01:16,50124,9D-29-66-01-0B-00-12-E0,1243154,0
2019.4.19,15:01:16,50124,9D-29-66-01-0B-00-12-E0,1243562,0
2019.4.19,15:01:17,50124,9D-29-66-01-0B-00-12-E0,1243937,0
2019.4.19,15:01:18,50124,9D-29-66-01-0B-00-12-E0,1245088,0
2019.4.19,15:01:18,50124,9D-29-66-01-0B-00-12-E0,1245506,0
2019.4.19,15:01:23,50124,9D-29-66-01-0B-00-12-E0,1250191,0
2019.4.19,15:01:24,50124,9D-29-66-01-0B-00-12-E0,1250987,0
2019.4.19,15:01:25,50124,9D-29-66-01-0B-00-12-E0,1252457,0
2019.4.19,15:01:26,50124,9D-29-66-01-0B-00-12-E0,1252870,0
2019.4.19,15:01:26,50124,9D-29-66-01-0B-00-12-E0,1253283,0
2019.4.19,15:01:27,50124,9D-29-66-01-0B-00-12-E0,1253692,0
2019.4.19,15:01:27,50124,9D-29-66-01-0B-00-12-E0,1254464,0
2019.4.19,15:01:28,50124,9D-29-66-01-0B-00-12-E0,1254870,0
2019.4.19,15:01:28,50124,9D-29-66-01-0B-00-12-E0,1255650,0
2019.4.19,15:01:29,50124,9D-29-66-01-0B-00-12-E0,1256414,0
2019.4.19,15:01:30,50124,9D-29-66-01-0B-00-12-E0,1256847,0
2019.4.19,15:01:30,50124,9D-29-66-01-0B-00-12-E0,1257610,0
2019.4.19,15:01:31,50124,9D-29-66-01-0B-00-12-E0,1258029,0
2019.4.19,15:01:31,50124,9D-29-66-01-0B-00-12-E0,1258444,0
2019.4.19,15:01:32,50124,9D-29-66-01-0B-00-12-E0,1258862,0
2019.4.19,15:01:32,50124,9D-29-66-01-0B-00-12-E0,1259242,0
2019.4.19,15:01:32,50124,9D-29-66-01-0B-00-12-E0,1259660,0
2019.4.19,15:01:35,50124,9D-29-66-01-0B-00-12-E0,1261860,0
2019.4.19,15:01:35,50124,9D-29-66-01-0B-00-12-E0,1262633,0
2019.4.19,15:01:36,50124,9D-29-66-01-0B-00-12-E0,1263088,0
2019.4.19,15:01:36,50124,9D-29-66-01-0B-00-12-E0,1263461,0
2019.4.19,15:01:37,50124,9D-29-66-01-0B-00-12-E0,1264222,0
2019.4.19,15:01:39,50124,9D-29-66-01-0B-00-12-E0,1266422,0
2019.4.19,15:01:40,50124,9D-29-66-01-0B-00-12-E0,1266852,0
2019.4.19,15:01:40,50124,9D-29-66-01-0B-00-12-E0,1267594,0
2019.4.19,15:01:41,50151,9B-26-66-01-0B-00-12-E0,1268141,1
2019.4.19,15:01:42,50124,9D-29-66-01-0B-00-12-E0,1269076,0
2019.4.19,15:01:42,50151,9B-26-66-01-0B-00-12-E0,1269224,0
2019.4.19,15:01:42,50124,9D-29-66-01-0B-00-12-E0,1269511,0
2019.4.19,15:01:43,50124,9D-29-66-01-0B-00-12-E0,1270287,0
2019.4.19,15:01:44,50124,9D-29-66-01-0B-00-12-E0,1271425,0
2019.4.19,15:01:45,50124,9D-29-66-01-0B-00-12-E0,1271820,0
2019.4.19,15:01:45,50124,9D-29-66-01-0B-00-12-E0,1272216,0
2019.4.19,15:01:45,50124,9D-29-66-01-0B-00-12-E0,1272643,0
2019.4.19,15:01:46,50124,9D-29-66-01-0B-00-12-E0,1273076,0
2019.4.19,15:01:46,50124,9D-29-66-01-0B-00-12-E0,1273479,0
2019.4.19,15:01:47,50151,9B-26-66-01-0B-00-12-E0,1273958,0
2019.4.19,15:01:48,50124,9D-29-66-01-0B-00-12-E0,1274960,0
2019.4.19,15:01:48,50151,9B-26-66-01-0B-00-12-E0,1275405,0
2019.4.19,15:01:49,50151,9B-26-66-01-0B-00-12-E0,1275842,0
2019.4.19,15:01:49,50124,9D-29-66-01-0B-00-12-E0,1276060,0
2019.4.19,15:01:50,50124,9D-29-66-01-0B-00-12-E0,1277230,0
2019.4.19,15:01:51,50124,9D-29-66-01-0B-00-12-E0,1278001,0
2019.4.19,15:01:51,50124,9D-29-66-01-0B-00-12-E0,1278408,0
2019.4.19,15:01:52,50124,9D-29-66-01-0B-00-12-E0,1278809,0
2019.4.19,15:01:52,50124,9D-29-66-01-0B-00-12-E0,1279209,0
2019.4.19,15:01:53,50124,9D-29-66-01-0B-00-12-E0,1279677,0
2019.4.19,15:01:53,50124,9D-29-66-01-0B-00-12-E0,1280409,0
2019.4.19,15:01:54,50124,9D-29-66-01-0B-00-12-E0,1281181,0
2019.4.19,15:01:55,50124,9D-29-66-01-0B-00-12-E0,1282312,0
2019.4.19,15:01:56,50124,9D-29-66-01-0B-00-12-E0,1282740,0
2019.4.19,15:01:56,50124,9D-29-66-01-0B-00-12-E0,1283507,0
2019.4.19,15:01:57,50124,9D-29-66-01-0B-00-12-E0,1283907,0
2019.4.19,15:01:57,50124,9D-29-66-01-0B-00-12-E0,1284658,0
2019.4.19,15:01:58,50151,9B-26-66-01-0B-00-12-E0,1285505,0
2019.4.19,15:01:59,50124,9D-29-66-01-0B-00-12-E0,1285792,0
2019.4.19,15:01:59,50151,9B-26-66-01-0B-00-12-E0,1286237,0
2019.4.19,15:01:59,50124,9D-29-66-01-0B-00-12-E0,1286557,0
2019.4.19,15:02:00,50124,9D-29-66-01-0B-00-12-E0,1287318,0
2019.4.19,15:02:01,50124,9D-29-66-01-0B-00-12-E0,1287724,0
2019.4.19,15:02:01,50151,9B-26-66-01-0B-00-12-E0,1288107,0
2019.4.19,15:02:01,50124,9D-29-66-01-0B-00-12-E0,1288502,0
2019.4.19,15:02:02,50124,9D-29-66-01-0B-00-12-E0,1288947,0
2019.4.19,15:02:02,50124,9D-29-66-01-0B-00-12-E0,1289387,0
2019.4.19,15:02:03,50124,9D-29-66-01-0B-00-12-E0,1290103,0
2019.4.19,15:02:04,50124,9D-29-66-01-0B-00-12-E0,1290873,0
2019.4.19,15:02:04,50124,9D-29-66-01-0B-00-12-E0,1291308,0
2019.4.19,15:02:05,50124,9D-29-66-01-0B-00-12-E0,1292075,0
2019.4.19,15:02:05,50124,9D-29-66-01-0B-00-12-E0,1292475,0
2019.4.19,15:02:08,50124,9D-29-66-01-0B-00-12-E0,1295027,0
2019.4.19,15:02:08,50124,9D-29-66-01-0B-00-12-E0,1295434,0
2019.4.19,15:02:09,50124,9D-29-66-01-0B-00-12-E0,1296216,0
2019.4.19,15:02:09,50151,9B-26-66-01-0B-00-12-E0,1296675,0
2019.4.19,15:02:10,50124,9D-29-66-01-0B-00-12-E0,1297005,0
2019.4.19,15:02:11,50124,9D-29-66-01-0B-00-12-E0,1298453,0
2019.4.19,15:02:12,50124,9D-29-66-01-0B-00-12-E0,1298859,0
2019.4.19,15:02:12,50151,9B-26-66-01-0B-00-12-E0,1298906,0
2019.4.19,15:02:12,50124,9D-29-66-01-0B-00-12-E0,1299264,0
2019.4.19,15:02:13,50124,9D-29-66-01-0B-00-12-E0,1299711,0
2019.4.19,15:02:14,50124,9D-29-66-01-0B-00-12-E0,1301153,0
2019.4.19,15:02:15,50124,9D-29-66-01-0B-00-12-E0,1301929,0
2019.4.19,15:02:16,50124,9D-29-66-01-0B-00-12-E0,1303064,0
2019.4.19,15:02:17,50124,9D-29-66-01-0B-00-12-E0,1303864,0
2019.4.19,15:02:18,50124,9D-29-66-01-0B-00-12-E0,1304997,0
2019.4.19,15:02:20,50124,9D-29-66-01-0B-00-12-E0,1306809,0
2019.4.19,15:02:21,50124,9D-29-66-01-0B-00-12-E0,1307908,0
2019.4.19,15:02:21,50151,9B-26-66-01-0B-00-12-E0,1308556,0
2019.4.19,15:02:22,50124,9D-29-66-01-0B-00-12-E0,1309042,0
2019.4.19,15:02:23,50151,9B-26-66-01-0B-00-12-E0,1310007,0
2019.4.19,15:02:23,50124,9D-29-66-01-0B-00-12-E0,1310169,0
2019.4.19,15:02:24,50124,9D-29-66-01-0B-00-12-E0,1311321,0
2019.4.19,15:02:25,50124,9D-29-66-01-0B-00-12-E0,1312091,0
2019.4.19,15:02:25,50151,9B-26-66-01-0B-00-12-E0,1312203,0
2019.4.19,15:02:25,50124,9D-29-66-01-0B-00-12-E0,1312489,0
2019.4.19,15:02:27,50151,9B-26-66-01-0B-00-12-E0,1314037,0
2019.4.19,15:02:28,50124,9D-29-66-01-0B-00-12-E0,1314690,0
2019.4.19,15:02:29,50151,9B-26-66-01-0B-00-12-E0,1315872,0
2019.4.19,15:02:29,50124,9D-29-66-01-0B-00-12-E0,1316191,0
2019.4.19,15:02:30,50124,9D-29-66-01-0B-00-12-E0,1316957,0
2019.4.19,15:02:31,50124,9D-29-66-01-0B-00-12-E0,1318059,0
2019.4.19,15:02:31,50124,9D-29-66-01-0B-00-12-E0,1318490,0
2019.4.19,15:02:32,50124,9D-29-66-01-0B-00-12-E0,1319254,0
2019.4.19,15:02:33,50124,9D-29-66-01-0B-00-12-E0,1320357,0
2019.4.19,15:02:36,50124,9D-29-66-01-0B-00-12-E0,1322912,0
2019.4.19,15:02:37,50124,9D-29-66-01-0B-00-12-E0,1323696,0
2019.4.19,15:02:37,50124,9D-29-66-01-0B-00-12-E0,1324128,0
2019.4.19,15:02:38,50151,9B-26-66-01-0B-00-12-E0,1324835,0
2019.4.19,15:02:38,50124,9D-29-66-01-0B-00-12-E0,1324922,0
2019.4.19,15:02:38,50151,9B-26-66-01-0B-00-12-E0,1325598,0
2019.4.19,15:02:38,50124,9D-29-66-01-0B-00-12-E0,1325649,0
2019.4.19,15:02:39,50151,9B-26-66-01-0B-00-12-E0,1325991,0
2019.4.19,15:02:39,50124,9D-29-66-01-0B-00-12-E0,1326410,0
2019.4.19,15:02:40,50124,9D-29-66-01-0B-00-12-E0,1326842,0
2019.4.19,15:02:41,50124,9D-29-66-01-0B-00-12-E0,1328336,0
2019.4.19,15:02:42,50124,9D-29-66-01-0B-00-12-E0,1329460,0
2019.4.19,15:02:43,50124,9D-29-66-01-0B-00-12-E0,1329860,0
2019.4.19,15:02:43,50124,9D-29-66-01-0B-00-12-E0,1330254,0
2019.4.19,15:02:45,50124,9D-29-66-01-0B-00-12-E0,1331755,0
2019.4.19,15:02:45,50124,9D-29-66-01-0B-00-12-E0,1332530,0
2019.4.19,15:02:46,50151,9B-26-66-01-0B-00-12-E0,1332810,0
2019.4.19,15:02:46,50124,9D-29-66-01-0B-00-12-E0,1332930,0
2019.4.19,15:02:46,50151,9B-26-66-01-0B-00-12-E0,1333613,0
2019.4.19,15:02:47,50151,9B-26-66-01-0B-00-12-E0,1334054,0
2019.4.19,15:02:48,50124,9D-29-66-01-0B-00-12-E0,1335113,0
2019.4.19,15:02:48,50124,9D-29-66-01-0B-00-12-E0,1335545,0
2019.4.19,15:02:50,50124,9D-29-66-01-0B-00-12-E0,1337044,0
2019.4.19,15:02:50,50124,9D-29-66-01-0B-00-12-E0,1337445,0
2019.4.19,15:02:53,50151,9B-26-66-01-0B-00-12-E0,1340472,0
2019.4.19,15:02:54,50124,9D-29-66-01-0B-00-12-E0,1341033,0
2019.4.19,15:02:54,50124,9D-29-66-01-0B-00-12-E0,1341472,0
2019.4.19,15:02:57,50124,9D-29-66-01-0B-00-12-E0,1343679,0
2019.4.19,15:02:57,50124,9D-29-66-01-0B-00-12-E0,1344446,0
2019.4.19,15:02:58,50124,9D-29-66-01-0B-00-12-E0,1344846,0
2019.4.19,15:02:58,50124,9D-29-66-01-0B-00-12-E0,1345600,0
2019.4.19,15:02:59,50124,9D-29-66-01-0B-00-12-E0,1346386,0
2019.4.19,15:03:02,50124,9D-29-66-01-0B-00-12-E0,1348947,0
2019.4.19,15:03:02,50151,9B-26-66-01-0B-00-12-E0,1349060,0
2019.4.19,15:03:03,50124,9D-29-66-01-0B-00-12-E0,1350070,0
2019.4.19,15:03:03,50150,AE-25-66-01-0B-00-12-E0,1350397,1
2019.4.19,15:03:03,50124,9D-29-66-01-0B-00-12-E0,1350453,0
2019.4.19,15:03:04,50150,AE-25-66-01-0B-00-12-E0,1350817,0
2019.4.19,15:03:04,50124,9D-29-66-01-0B-00-12-E0,1350875,0
2019.4.19,15:03:04,50124,9D-29-66-01-0B-00-12-E0,1351296,0
2019.4.19,15:03:05,50151,9B-26-66-01-0B-00-12-E0,1351732,0
2019.4.19,15:03:06,50124,9D-29-66-01-0B-00-12-E0,1353517,0
2019.4.19,15:03:07,50151,9B-26-66-01-0B-00-12-E0,1354252,0
2019.4.19,15:03:08,50151,9B-26-66-01-0B-00-12-E0,1355019,0
2019.4.19,15:03:08,50124,9D-29-66-01-0B-00-12-E0,1355356,0
2019.4.19,15:03:12,50151,9B-26-66-01-0B-00-12-E0,1359348,0
2019.4.19,15:03:12,50124,9D-29-66-01-0B-00-12-E0,1359666,0
2019.4.19,15:03:15,50124,9D-29-66-01-0B-00-12-E0,1361876,0
2019.4.19,15:03:15,50151,9B-26-66-01-0B-00-12-E0,1361922,0
2019.4.19,15:03:16,50124,9D-29-66-01-0B-00-12-E0,1363380,0
2019.4.19,15:03:21,50151,9B-26-66-01-0B-00-12-E0,1368382,0
2019.4.19,15:03:22,50124,9D-29-66-01-0B-00-12-E0,1369086,0
2019.4.19,15:03:22,50124,9D-29-66-01-0B-00-12-E0,1369492,0
2019.4.19,15:03:23,50151,9B-26-66-01-0B-00-12-E0,1369849,0
2019.4.19,15:03:23,50124,9D-29-66-01-0B-00-12-E0,1369937,0
2019.4.19,15:03:23,50151,9B-26-66-01-0B-00-12-E0,1370262,0
2019.4.19,15:03:24,50124,9D-29-66-01-0B-00-12-E0,1370692,0
2019.4.19,15:03:25,50150,AE-25-66-01-0B-00-12-E0,1371976,0
2019.4.19,15:03:25,50124,9D-29-66-01-0B-00-12-E0,1372547,0
2019.4.19,15:03:26,50124,9D-29-66-01-0B-00-12-E0,1372953,0
2019.4.19,15:03:27,50150,AE-25-66-01-0B-00-12-E0,1373808,0
2019.4.19,15:03:27,50124,9D-29-66-01-0B-00-12-E0,1374059,0
2019.4.19,15:03:27,50150,AE-25-66-01-0B-00-12-E0,1374234,0
2019.4.19,15:03:27,50124,9D-29-66-01-0B-00-12-E0,1374484,0
2019.4.19,15:03:28,50124,9D-29-66-01-0B-00-12-E0,1375245,0
2019.4.19,15:03:28,50150,AE-25-66-01-0B-00-12-E0,1375354,0
2019.4.19,15:03:29,50124,9D-29-66-01-0B-00-12-E0,1376009,0
2019.4.19,15:03:29,50150,AE-25-66-01-0B-00-12-E0,1376088,0
2019.4.19,15:03:29,50150,AE-25-66-01-0B-00-12-E0,1376522,0
2019.4.19,15:03:30,50124,9D-29-66-01-0B-00-12-E0,1376775,0
2019.4.19,15:03:31,50151,9B-26-66-01-0B-00-12-E0,1377762,0
2019.4.19,15:03:31,50124,9D-29-66-01-0B-00-12-E0,1377915,0
2019.4.19,15:03:31,50124,9D-29-66-01-0B-00-12-E0,1378313,0
2019.4.19,15:03:31,50151,9B-26-66-01-0B-00-12-E0,1378558,0
2019.4.19,15:03:32,50124,9D-29-66-01-0B-00-12-E0,1378741,0
2019.4.19,15:03:32,50124,9D-29-66-01-0B-00-12-E0,1379135,0
2019.4.19,15:03:33,50124,9D-29-66-01-0B-00-12-E0,1379897,0
2019.4.19,15:03:34,50124,9D-29-66-01-0B-00-12-E0,1381025,0
2019.4.19,15:03:34,50124,9D-29-66-01-0B-00-12-E0,1381450,0
2019.4.19,15:03:35,50124,9D-29-66-01-0B-00-12-E0,1381848,0
2019.4.19,15:03:36,50151,9B-26-66-01-0B-00-12-E0,1382895,0
2019.4.19,15:03:36,50124,9D-29-66-01-0B-00-12-E0,1382980,0
2019.4.19,15:03:38,50124,9D-29-66-01-0B-00-12-E0,1385192,0
2019.4.19,15:03:39,50124,9D-29-66-01-0B-00-12-E0,1386670,0
2019.4.19,15:03:41,50124,9D-29-66-01-0B-00-12-E0,1388165,0
2019.4.19,15:03:42,50124,9D-29-66-01-0B-00-12-E0,1388929,0
2019.4.19,15:03:42,50151,9B-26-66-01-0B-00-12-E0,1388973,0
2019.4.19,15:03:42,50124,9D-29-66-01-0B-00-12-E0,1389326,0
2019.4.19,15:03:43,50124,9D-29-66-01-0B-00-12-E0,1390450,0
2019.4.19,15:03:44,50124,9D-29-66-01-0B-00-12-E0,1390883,0
2019.4.19,15:03:44,50150,AE-25-66-01-0B-00-12-E0,1391026,0
2019.4.19,15:03:44,50150,AE-25-66-01-0B-00-12-E0,1391461,0
2019.4.19,15:03:45,50150,AE-25-66-01-0B-00-12-E0,1391896,0
2019.4.19,15:03:45,50150,AE-25-66-01-0B-00-12-E0,1392263,0
2019.4.19,15:03:46,50150,AE-25-66-01-0B-00-12-E0,1392694,0
2019.4.19,15:03:46,50124,9D-29-66-01-0B-00-12-E0,1393083,0
2019.4.19,15:03:46,50150,AE-25-66-01-0B-00-12-E0,1393093,0
2019.4.19,15:03:46,50150,AE-25-66-01-0B-00-12-E0,1393561,0
2019.4.19,15:03:47,50150,AE-25-66-01-0B-00-12-E0,1393962,0
2019.4.19,15:03:47,50124,9D-29-66-01-0B-00-12-E0,1394183,0
2019.4.19,15:03:47,50150,AE-25-66-01-0B-00-12-E0,1394361,0
2019.4.19,15:03:47,50124,9D-29-66-01-0B-00-12-E0,1394615,0
2019.4.19,15:03:48,50150,AE-25-66-01-0B-00-12-E0,1395128,0
2019.4.19,15:03:48,50124,9D-29-66-01-0B-00-12-E0,1395382,0
2019.4.19,15:03:48,50150,AE-25-66-01-0B-00-12-E0,1395566,0
2019.4.19,15:03:49,50124,9D-29-66-01-0B-00-12-E0,1395828,0
2019.4.19,15:03:49,50150,AE-25-66-01-0B-00-12-E0,1395975,0
2019.4.19,15:03:49,50150,AE-25-66-01-0B-00-12-E0,1396408,0
2019.4.19,15:03:50,50150,AE-25-66-01-0B-00-12-E0,1396810,0
2019.4.19,15:03:50,50150,AE-25-66-01-0B-00-12-E0,1397213,0
2019.4.19,15:03:50,50124,9D-29-66-01-0B-00-12-E0,1397633,0
2019.4.19,15:03:51,50151,9B-26-66-01-0B-00-12-E0,1397745,0
2019.4.19,15:03:51,50150,AE-25-66-01-0B-00-12-E0,1398044,0
2019.4.19,15:03:51,50151,9B-26-66-01-0B-00-12-E0,1398280,0
2019.4.19,15:03:52,50151,9B-26-66-01-0B-00-12-E0,1399382,0
2019.4.19,15:03:52,50124,9D-29-66-01-0B-00-12-E0,1399467,0
2019.4.19,15:03:53,50124,9D-29-66-01-0B-00-12-E0,1399865,0
2019.4.19,15:03:53,50151,9B-26-66-01-0B-00-12-E0,1400114,0
2019.4.19,15:03:55,50124,9D-29-66-01-0B-00-12-E0,1401734,0
2019.4.19,15:03:55,50124,9D-29-66-01-0B-00-12-E0,1402133,0
2019.4.19,15:03:55,50124,9D-29-66-01-0B-00-12-E0,1402533,0
2019.4.19,15:03:57,50124,9D-29-66-01-0B-00-12-E0,1404401,0
2019.4.19,15:03:58,50124,9D-29-66-01-0B-00-12-E0,1404801,0
2019.4.19,15:03:59,50150,AE-25-66-01-0B-00-12-E0,1405715,0
2019.4.19,15:03:59,50150,AE-25-66-01-0B-00-12-E0,1406150,0
2019.4.19,15:03:59,50124,9D-29-66-01-0B-00-12-E0,1406304,0
2019.4.19,15:04:00,50151,9B-26-66-01-0B-00-12-E0,1407053,0
2019.4.19,15:04:00,50150,AE-25-66-01-0B-00-12-E0,1407324,0
2019.4.19,15:04:01,50150,AE-25-66-01-0B-00-12-E0,1407742,0
2019.4.19,15:04:01,50150,AE-25-66-01-0B-00-12-E0,1408517,0
2019.4.19,15:04:02,50124,9D-29-66-01-0B-00-12-E0,1408817,0
2019.4.19,15:04:02,50150,AE-25-66-01-0B-00-12-E0,1408933,0
2019.4.19,15:04:02,50151,9B-26-66-01-0B-00-12-E0,1409144,0
2019.4.19,15:04:02,50150,AE-25-66-01-0B-00-12-E0,1409391,0
2019.4.19,15:04:02,50151,9B-26-66-01-0B-00-12-E0,1409603,0
2019.4.19,15:04:03,50150,AE-25-66-01-0B-00-12-E0,1409892,0
2019.4.19,15:04:03,50124,9D-29-66-01-0B-00-12-E0,1409948,0
2019.4.19,15:04:03,50151,9B-26-66-01-0B-00-12-E0,1410066,0
2019.4.19,15:04:04,50150,AE-25-66-01-0B-00-12-E0,1410731,0
2019.4.19,15:04:04,50124,9D-29-66-01-0B-00-12-E0,1411411,0
2019.4.19,15:04:04,50151,9B-26-66-01-0B-00-12-E0,1411623,0
2019.4.19,15:04:05,50124,9D-29-66-01-0B-00-12-E0,1411853,0
2019.4.19,15:04:05,50151,9B-26-66-01-0B-00-12-E0,1412037,0
2019.4.19,15:04:07,50124,9D-29-66-01-0B-00-12-E0,1414001,0
2019.4.19,15:04:07,50124,9D-29-66-01-0B-00-12-E0,1414411,0
2019.4.19,15:04:08,50151,9B-26-66-01-0B-00-12-E0,1415633,0
2019.4.19,15:04:09,50124,9D-29-66-01-0B-00-12-E0,1415917,0
2019.4.19,15:04:09,50124,9D-29-66-01-0B-00-12-E0,1416317,0
2019.4.19,15:04:10,50124,9D-29-66-01-0B-00-12-E0,1416750,0
2019.4.19,15:04:10,50151,9B-26-66-01-0B-00-12-E0,1417132,0
2019.4.19,15:04:11,50124,9D-29-66-01-0B-00-12-E0,1418583,0
2019.4.19,15:04:11,50151,9B-26-66-01-0B-00-12-E0,1418630,0
2019.4.19,15:04:12,50124,9D-29-66-01-0B-00-12-E0,1418984,0
2019.4.19,15:04:12,50124,9D-29-66-01-0B-00-12-E0,1419416,0
2019.4.19,15:04:13,50124,9D-29-66-01-0B-00-12-E0,1419850,0
2019.4.19,15:04:13,50124,9D-29-66-01-0B-00-12-E0,1420216,0
2019.4.19,15:04:13,50150,AE-25-66-01-0B-00-12-E0,1420295,0
2019.4.19,15:04:14,50150,AE-25-66-01-0B-00-12-E0,1420695,0
2019.4.19,15:04:14,50150,AE-25-66-01-0B-00-12-E0,1421130,0
2019.4.19,15:04:14,50150,AE-25-66-01-0B-00-12-E0,1421564,0
2019.4.19,15:04:15,50124,9D-29-66-01-0B-00-12-E0,1421683,0
2019.4.19,15:04:15,50151,9B-26-66-01-0B-00-12-E0,1421762,0
2019.4.19,15:04:15,50150,AE-25-66-01-0B-00-12-E0,1422029,0
2019.4.19,15:04:15,50124,9D-29-66-01-0B-00-12-E0,1422115,0
2019.4.19,15:04:15,50150,AE-25-66-01-0B-00-12-E0,1422429,0
2019.4.19,15:04:15,50124,9D-29-66-01-0B-00-12-E0,1422549,0
2019.4.19,15:04:15,50151,9B-26-66-01-0B-00-12-E0,1422628,0
2019.4.19,15:04:16,50150,AE-25-66-01-0B-00-12-E0,1422926,0
2019.4.19,15:04:16,50150,AE-25-66-01-0B-00-12-E0,1423363,0
2019.4.19,15:04:17,50150,AE-25-66-01-0B-00-12-E0,1423764,0
2019.4.19,15:04:18,50124,9D-29-66-01-0B-00-12-E0,1424749,0
2019.4.19,15:04:18,50124,9D-29-66-01-0B-00-12-E0,1425516,0
2019.4.19,15:04:19,50124,9D-29-66-01-0B-00-12-E0,1425916,0
2019.4.19,15:04:20,50124,9D-29-66-01-0B-00-12-E0,1426694,0
2019.4.19,15:04:20,50151,9B-26-66-01-0B-00-12-E0,1426772,0
2019.4.19,15:04:20,50124,9D-29-66-01-0B-00-12-E0,1427473,0
2019.4.19,15:04:21,50124,9D-29-66-01-0B-00-12-E0,1427874,0
2019.4.19,15:04:22,50124,9D-29-66-01-0B-00-12-E0,1429003,0
2019.4.19,15:04:22,50124,9D-29-66-01-0B-00-12-E0,1429411,0
2019.4.19,15:04:23,50124,9D-29-66-01-0B-00-12-E0,1430536,0
2019.4.19,15:04:24,50151,9B-26-66-01-0B-00-12-E0,1430752,0
2019.4.19,15:04:24,50124,9D-29-66-01-0B-00-12-E0,1430975,0
2019.4.19,15:04:24,50151,9B-26-66-01-0B-00-12-E0,1431192,0
2019.4.19,15:04:25,50124,9D-29-66-01-0B-00-12-E0,1432441,0
2019.4.19,15:04:26,50124,9D-29-66-01-0B-00-12-E0,1432842,0
2019.4.19,15:04:27,50124,9D-29-66-01-0B-00-12-E0,1434355,0
2019.4.19,15:04:28,50124,9D-29-66-01-0B-00-12-E0,1434751,0
WARNING: 2 RFID event happened before it was written to file.
2019.4.19,15:04:29,50151,9B-26-66-01-0B-00-12-E0,1435892,0
2019.4.19,15:04:29,50124,9D-29-66-01-0B-00-12-E0,1436286,0
2019.4.19,15:04:29,50150,AE-25-66-01-0B-00-12-E0,1436501,0
2019.4.19,15:04:30,50124,9D-29-66-01-0B-00-12-E0,1436689,0
2019.4.19,15:04:30,50150,AE-25-66-01-0B-00-12-E0,1436901,0
2019.4.19,15:04:30,50124,9D-29-66-01-0B-00-12-E0,1437121,0
2019.4.19,15:04:30,50150,AE-25-66-01-0B-00-12-E0,1437671,0
2019.4.19,15:04:31,50151,9B-26-66-01-0B-00-12-E0,1437880,0
2019.4.19,15:04:32,50124,9D-29-66-01-0B-00-12-E0,1439341,0
2019.4.19,15:04:33,50124,9D-29-66-01-0B-00-12-E0,1440075,0
2019.4.19,15:04:34,50124,9D-29-66-01-0B-00-12-E0,1440854,0
2019.4.19,15:04:35,50151,9B-26-66-01-0B-00-12-E0,1442588,0
2019.4.19,15:04:36,50151,9B-26-66-01-0B-00-12-E0,1443674,0
2019.4.19,15:04:37,50124,9D-29-66-01-0B-00-12-E0,1444467,0
2019.4.19,15:04:38,50124,9D-29-66-01-0B-00-12-E0,1444904,0
2019.4.19,15:04:38,50151,9B-26-66-01-0B-00-12-E0,1445151,0
2019.4.19,15:04:38,50150,AE-25-66-01-0B-00-12-E0,1445450,0
2019.4.19,15:04:39,50150,AE-25-66-01-0B-00-12-E0,1445849,0
2019.4.19,15:04:39,50150,AE-25-66-01-0B-00-12-E0,1446283,0
2019.4.19,15:04:39,50124,9D-29-66-01-0B-00-12-E0,1446370,0
2019.4.19,15:04:40,50124,9D-29-66-01-0B-00-12-E0,1446774,0
2019.4.19,15:04:40,50150,AE-25-66-01-0B-00-12-E0,1447398,0
2019.4.19,15:04:41,50150,AE-25-66-01-0B-00-12-E0,1447806,0
2019.4.19,15:04:41,50124,9D-29-66-01-0B-00-12-E0,1447896,0
2019.4.19,15:04:41,50150,AE-25-66-01-0B-00-12-E0,1448215,0
2019.4.19,15:04:41,50124,9D-29-66-01-0B-00-12-E0,1448335,0
2019.4.19,15:04:42,50150,AE-25-66-01-0B-00-12-E0,1448994,0
2019.4.19,15:04:42,50150,AE-25-66-01-0B-00-12-E0,1449436,0
2019.4.19,15:04:42,50124,9D-29-66-01-0B-00-12-E0,1449456,0
2019.4.19,15:04:43,50124,9D-29-66-01-0B-00-12-E0,1449864,0
2019.4.19,15:04:43,50150,AE-25-66-01-0B-00-12-E0,1450180,0
2019.4.19,15:04:44,50150,AE-25-66-01-0B-00-12-E0,1450953,0
2019.4.19,15:04:44,50151,9B-26-66-01-0B-00-12-E0,1451497,0
2019.4.19,15:04:45,50124,9D-29-66-01-0B-00-12-E0,1452387,0
2019.4.19,15:04:46,50124,9D-29-66-01-0B-00-12-E0,1452820,0
2019.4.19,15:04:46,50151,9B-26-66-01-0B-00-12-E0,1452966,0
2019.4.19,15:04:46,50124,9D-29-66-01-0B-00-12-E0,1453254,0
2019.4.19,15:04:46,50124,9D-29-66-01-0B-00-12-E0,1453621,0
2019.4.19,15:04:47,50124,9D-29-66-01-0B-00-12-E0,1454057,0
2019.4.19,15:04:48,50150,AE-25-66-01-0B-00-12-E0,1454703,0
2019.4.19,15:04:48,50124,9D-29-66-01-0B-00-12-E0,1454821,0
2019.4.19,15:04:48,50124,9D-29-66-01-0B-00-12-E0,1455254,0
2019.4.19,15:04:48,50150,AE-25-66-01-0B-00-12-E0,1455436,0
2019.4.19,15:04:49,50124,9D-29-66-01-0B-00-12-E0,1455690,0
2019.4.19,15:04:49,50150,AE-25-66-01-0B-00-12-E0,1455869,0
2019.4.19,15:04:50,50150,AE-25-66-01-0B-00-12-E0,1456995,0
2019.4.19,15:04:50,50150,AE-25-66-01-0B-00-12-E0,1457408,0
2019.4.19,15:04:51,50150,AE-25-66-01-0B-00-12-E0,1457855,0
2019.4.19,15:04:51,50150,AE-25-66-01-0B-00-12-E0,1458255,0
2019.4.19,15:04:51,50124,9D-29-66-01-0B-00-12-E0,1458540,0
2019.4.19,15:04:52,50124,9D-29-66-01-0B-00-12-E0,1459337,0
2019.4.19,15:04:54,50124,9D-29-66-01-0B-00-12-E0,1460835,0
2019.4.19,15:04:54,50124,9D-29-66-01-0B-00-12-E0,1461262,0
2019.4.19,15:04:54,50124,9D-29-66-01-0B-00-12-E0,1461649,0
2019.4.19,15:04:56,50124,9D-29-66-01-0B-00-12-E0,1462757,0
2019.4.19,15:04:56,50124,9D-29-66-01-0B-00-12-E0,1463525,0
2019.4.19,15:04:57,50150,AE-25-66-01-0B-00-12-E0,1463989,0
2019.4.19,15:04:57,50150,AE-25-66-01-0B-00-12-E0,1464403,0
2019.4.19,15:04:57,50124,9D-29-66-01-0B-00-12-E0,1464667,0
2019.4.19,15:04:58,50124,9D-29-66-01-0B-00-12-E0,1465123,0
2019.4.19,15:04:58,50150,AE-25-66-01-0B-00-12-E0,1465556,0
2019.4.19,15:04:59,50124,9D-29-66-01-0B-00-12-E0,1465858,0
2019.4.19,15:04:59,50150,AE-25-66-01-0B-00-12-E0,1465974,0
2019.4.19,15:04:59,50151,9B-26-66-01-0B-00-12-E0,1466146,0
2019.4.19,15:04:59,50124,9D-29-66-01-0B-00-12-E0,1466269,0
2019.4.19,15:04:59,50151,9B-26-66-01-0B-00-12-E0,1466529,0
2019.4.19,15:05:00,50150,AE-25-66-01-0B-00-12-E0,1466839,0
2019.4.19,15:05:00,50124,9D-29-66-01-0B-00-12-E0,1467383,0
2019.4.19,15:05:01,50151,9B-26-66-01-0B-00-12-E0,1467740,0
2019.4.19,15:05:01,50124,9D-29-66-01-0B-00-12-E0,1467830,0
2019.4.19,15:05:01,50124,9D-29-66-01-0B-00-12-E0,1468208,0
2019.4.19,15:05:01,50151,9B-26-66-01-0B-00-12-E0,1468537,0
2019.4.19,15:05:01,50124,9D-29-66-01-0B-00-12-E0,1468628,0
2019.4.19,15:05:02,50151,9B-26-66-01-0B-00-12-E0,1468914,0
2019.4.19,15:05:04,50124,9D-29-66-01-0B-00-12-E0,1470849,0
2019.4.19,15:05:05,50124,9D-29-66-01-0B-00-12-E0,1471964,0
2019.4.19,15:05:05,50124,9D-29-66-01-0B-00-12-E0,1472406,0
2019.4.19,15:05:05,50151,9B-26-66-01-0B-00-12-E0,1472485,0
2019.4.19,15:05:06,50124,9D-29-66-01-0B-00-12-E0,1473511,0
2019.4.19,15:05:08,50124,9D-29-66-01-0B-00-12-E0,1475331,0
2019.4.19,15:05:09,50124,9D-29-66-01-0B-00-12-E0,1475774,0
2019.4.19,15:05:09,50151,9B-26-66-01-0B-00-12-E0,1476473,0
2019.4.19,15:05:09,50124,9D-29-66-01-0B-00-12-E0,1476559,0
2019.4.19,15:05:10,50124,9D-29-66-01-0B-00-12-E0,1476937,0
2019.4.19,15:05:10,50124,9D-29-66-01-0B-00-12-E0,1477354,0
2019.4.19,15:05:11,50124,9D-29-66-01-0B-00-12-E0,1478106,0
2019.4.19,15:05:12,50124,9D-29-66-01-0B-00-12-E0,1478898,0
2019.4.19,15:05:12,50124,9D-29-66-01-0B-00-12-E0,1479340,0
2019.4.19,15:05:14,50124,9D-29-66-01-0B-00-12-E0,1480805,0
2019.4.19,15:05:15,50151,9B-26-66-01-0B-00-12-E0,1481874,0
2019.4.19,15:05:16,50124,9D-29-66-01-0B-00-12-E0,1482695,0
2019.4.19,15:05:16,50124,9D-29-66-01-0B-00-12-E0,1483093,0
2019.4.19,15:05:17,50151,9B-26-66-01-0B-00-12-E0,1483708,0
2019.4.19,15:05:17,50124,9D-29-66-01-0B-00-12-E0,1483860,0
2019.4.19,15:05:18,50124,9D-29-66-01-0B-00-12-E0,1485673,0
2019.4.19,15:05:19,50124,9D-29-66-01-0B-00-12-E0,1486109,0
2019.4.19,15:05:19,50124,9D-29-66-01-0B-00-12-E0,1486541,0
2019.4.19,15:05:20,50124,9D-29-66-01-0B-00-12-E0,1486971,0
2019.4.19,15:05:21,50124,9D-29-66-01-0B-00-12-E0,1487701,0
2019.4.19,15:05:21,50151,9B-26-66-01-0B-00-12-E0,1488012,0
2019.4.19,15:05:21,50151,9B-26-66-01-0B-00-12-E0,1488439,0
2019.4.19,15:05:21,50124,9D-29-66-01-0B-00-12-E0,1488458,0
2019.4.19,15:05:22,50124,9D-29-66-01-0B-00-12-E0,1489592,0
2019.4.19,15:05:23,50124,9D-29-66-01-0B-00-12-E0,1490023,0
2019.4.19,15:05:23,50151,9B-26-66-01-0B-00-12-E0,1490639,0
2019.4.19,15:05:24,50124,9D-29-66-01-0B-00-12-E0,1490789,0
2019.4.19,15:05:24,50124,9D-29-66-01-0B-00-12-E0,1491525,0
2019.4.19,15:05:25,50151,9B-26-66-01-0B-00-12-E0,1492139,0
2019.4.19,15:05:25,50151,9B-26-66-01-0B-00-12-E0,1492539,0
2019.4.19,15:05:26,50124,9D-29-66-01-0B-00-12-E0,1492691,0
2019.4.19,15:05:26,50124,9D-29-66-01-0B-00-12-E0,1493091,0
2019.4.19,15:05:26,50124,9D-29-66-01-0B-00-12-E0,1493524,0
2019.4.19,15:05:27,50124,9D-29-66-01-0B-00-12-E0,1493925,0
2019.4.19,15:05:27,50124,9D-29-66-01-0B-00-12-E0,1494320,0
2019.4.19,15:05:28,50124,9D-29-66-01-0B-00-12-E0,1495117,0
2019.4.19,15:05:29,50124,9D-29-66-01-0B-00-12-E0,1496583,0
2019.4.19,15:05:32,50124,9D-29-66-01-0B-00-12-E0,1499475,0
2019.4.19,15:05:33,50124,9D-29-66-01-0B-00-12-E0,1500253,0
2019.4.19,15:05:35,50124,9D-29-66-01-0B-00-12-E0,1502058,0
2019.4.19,15:05:35,50151,9B-26-66-01-0B-00-12-E0,1502204,0
2019.4.19,15:05:35,50124,9D-29-66-01-0B-00-12-E0,1502493,0
2019.4.19,15:05:36,50124,9D-29-66-01-0B-00-12-E0,1503272,0
2019.4.19,15:05:37,50124,9D-29-66-01-0B-00-12-E0,1504391,0
2019.4.19,15:05:38,50124,9D-29-66-01-0B-00-12-E0,1504804,0
2019.4.19,15:05:39,50124,9D-29-66-01-0B-00-12-E0,1505905,0
2019.4.19,15:05:39,50124,9D-29-66-01-0B-00-12-E0,1506348,0
2019.4.19,15:05:40,50124,9D-29-66-01-0B-00-12-E0,1506759,0
2019.4.19,15:05:40,50124,9D-29-66-01-0B-00-12-E0,1507169,0
2019.4.19,15:05:41,50124,9D-29-66-01-0B-00-12-E0,1507933,0
2019.4.19,15:05:42,50124,9D-29-66-01-0B-00-12-E0,1508689,0
2019.4.19,15:05:42,50124,9D-29-66-01-0B-00-12-E0,1509137,0
2019.4.19,15:05:42,50124,9D-29-66-01-0B-00-12-E0,1509514,0
2019.4.19,15:05:43,50124,9D-29-66-01-0B-00-12-E0,1509935,0
2019.4.19,15:05:44,50124,9D-29-66-01-0B-00-12-E0,1511057,0
2019.4.19,15:05:44,50124,9D-29-66-01-0B-00-12-E0,1511471,0
2019.4.19,15:05:45,50124,9D-29-66-01-0B-00-12-E0,1511872,0
2019.4.19,15:05:45,50124,9D-29-66-01-0B-00-12-E0,1512279,0
2019.4.19,15:05:47,50151,9B-26-66-01-0B-00-12-E0,1513935,0
2019.4.19,15:05:47,50124,9D-29-66-01-0B-00-12-E0,1514129,0
2019.4.19,15:05:48,50124,9D-29-66-01-0B-00-12-E0,1514885,0
2019.4.19,15:05:48,50124,9D-29-66-01-0B-00-12-E0,1515334,0
2019.4.19,15:05:49,50124,9D-29-66-01-0B-00-12-E0,1515715,0
2019.4.19,15:05:49,50151,9B-26-66-01-0B-00-12-E0,1516494,0
2019.4.19,15:05:50,50124,9D-29-66-01-0B-00-12-E0,1516830,0
2019.4.19,15:05:50,50124,9D-29-66-01-0B-00-12-E0,1517243,0
2019.4.19,15:05:50,50151,9B-26-66-01-0B-00-12-E0,1517256,0
2019.4.19,15:05:50,50151,9B-26-66-01-0B-00-12-E0,1517674,0
2019.4.19,15:05:51,50151,9B-26-66-01-0B-00-12-E0,1518435,0
2019.4.19,15:05:52,50124,9D-29-66-01-0B-00-12-E0,1518727,0
2019.4.19,15:05:52,50124,9D-29-66-01-0B-00-12-E0,1519460,0
2019.4.19,15:05:53,50124,9D-29-66-01-0B-00-12-E0,1520578,0
2019.4.19,15:05:53,50151,9B-26-66-01-0B-00-12-E0,1520624,0
2019.4.19,15:05:54,50124,9D-29-66-01-0B-00-12-E0,1521403,0
2019.4.19,15:05:55,50124,9D-29-66-01-0B-00-12-E0,1521821,0
2019.4.19,15:05:55,50124,9D-29-66-01-0B-00-12-E0,1522237,0
2019.4.19,15:05:56,50124,9D-29-66-01-0B-00-12-E0,1523342,0
2019.4.19,15:05:57,50124,9D-29-66-01-0B-00-12-E0,1523741,0
2019.4.19,15:05:57,50124,9D-29-66-01-0B-00-12-E0,1524175,0
2019.4.19,15:05:57,50151,9B-26-66-01-0B-00-12-E0,1524589,0
2019.4.19,15:05:58,50151,9B-26-66-01-0B-00-12-E0,1525022,0
2019.4.19,15:05:58,50124,9D-29-66-01-0B-00-12-E0,1525307,0
2019.4.19,15:05:59,50124,9D-29-66-01-0B-00-12-E0,1526041,0
2019.4.19,15:06:00,50124,9D-29-66-01-0B-00-12-E0,1527174,0
2019.4.19,15:06:00,50151,9B-26-66-01-0B-00-12-E0,1527220,0
2019.4.19,15:06:00,50124,9D-29-66-01-0B-00-12-E0,1527572,0
2019.4.19,15:06:00,50151,9B-26-66-01-0B-00-12-E0,1527617,0
2019.4.19,15:06:02,50124,9D-29-66-01-0B-00-12-E0,1528743,0
2019.4.19,15:06:02,50124,9D-29-66-01-0B-00-12-E0,1529176,0
2019.4.19,15:06:02,50124,9D-29-66-01-0B-00-12-E0,1529542,0
2019.4.19,15:06:03,50151,9B-26-66-01-0B-00-12-E0,1530156,0
2019.4.19,15:06:03,50124,9D-29-66-01-0B-00-12-E0,1530308,0
2019.4.19,15:06:04,50124,9D-29-66-01-0B-00-12-E0,1530740,0
2019.4.19,15:06:04,50151,9B-26-66-01-0B-00-12-E0,1530953,0
2019.4.19,15:06:04,50124,9D-29-66-01-0B-00-12-E0,1531174,0
2019.4.19,15:06:04,50124,9D-29-66-01-0B-00-12-E0,1531541,0
2019.4.19,15:06:05,50124,9D-29-66-01-0B-00-12-E0,1531946,0
2019.4.19,15:06:05,50151,9B-26-66-01-0B-00-12-E0,1532060,0
2019.4.19,15:06:06,50124,9D-29-66-01-0B-00-12-E0,1532743,0
2019.4.19,15:06:06,50124,9D-29-66-01-0B-00-12-E0,1533144,0
2019.4.19,15:06:07,50124,9D-29-66-01-0B-00-12-E0,1534309,0
2019.4.19,15:06:07,50151,9B-26-66-01-0B-00-12-E0,1534624,0
2019.4.19,15:06:08,50124,9D-29-66-01-0B-00-12-E0,1534709,0
2019.4.19,15:06:08,50151,9B-26-66-01-0B-00-12-E0,1535024,0
2019.4.19,15:06:08,50124,9D-29-66-01-0B-00-12-E0,1535109,0
2019.4.19,15:06:08,50124,9D-29-66-01-0B-00-12-E0,1535538,0
2019.4.19,15:06:09,50124,9D-29-66-01-0B-00-12-E0,1535972,0
2019.4.19,15:06:09,50151,9B-26-66-01-0B-00-12-E0,1536521,0
2019.4.19,15:06:10,50124,9D-29-66-01-0B-00-12-E0,1537078,0
2019.4.19,15:06:10,50150,AE-25-66-01-0B-00-12-E0,1537156,1
2019.4.19,15:06:10,50151,9B-26-66-01-0B-00-12-E0,1537358,0
2019.4.19,15:06:10,50124,9D-29-66-01-0B-00-12-E0,1537477,0
2019.4.19,15:06:11,50151,9B-26-66-01-0B-00-12-E0,1537788,0
2019.4.19,15:06:11,50151,9B-26-66-01-0B-00-12-E0,1538189,0
2019.4.19,15:06:11,50124,9D-29-66-01-0B-00-12-E0,1538577,0
2019.4.19,15:06:12,50151,9B-26-66-01-0B-00-12-E0,1539293,0
2019.4.19,15:06:13,50124,9D-29-66-01-0B-00-12-E0,1539712,0
2019.4.19,15:06:13,50151,9B-26-66-01-0B-00-12-E0,1540060,0
2019.4.19,15:06:13,50124,9D-29-66-01-0B-00-12-E0,1540146,0
2019.4.19,15:06:13,50151,9B-26-66-01-0B-00-12-E0,1540493,0
2019.4.19,15:06:13,50124,9D-29-66-01-0B-00-12-E0,1540545,0
2019.4.19,15:06:14,50150,AE-25-66-01-0B-00-12-E0,1540789,0
2019.4.19,15:06:14,50124,9D-29-66-01-0B-00-12-E0,1540976,0
2019.4.19,15:06:14,50150,AE-25-66-01-0B-00-12-E0,1541185,0
2019.4.19,15:06:14,50150,AE-25-66-01-0B-00-12-E0,1541585,0
2019.4.19,15:06:15,50151,9B-26-66-01-0B-00-12-E0,1541787,0
2019.4.19,15:06:15,50151,9B-26-66-01-0B-00-12-E0,1542219,0
2019.4.19,15:06:15,50124,9D-29-66-01-0B-00-12-E0,1542438,0
2019.4.19,15:06:16,50124,9D-29-66-01-0B-00-12-E0,1542863,0
2019.4.19,15:06:16,50124,9D-29-66-01-0B-00-12-E0,1543261,0
2019.4.19,15:06:16,50124,9D-29-66-01-0B-00-12-E0,1543662,0
2019.4.19,15:06:17,50124,9D-29-66-01-0B-00-12-E0,1544094,0
2019.4.19,15:06:18,50151,9B-26-66-01-0B-00-12-E0,1544776,0
2019.4.19,15:06:18,50124,9D-29-66-01-0B-00-12-E0,1544861,0
2019.4.19,15:06:18,50124,9D-29-66-01-0B-00-12-E0,1545295,0
2019.4.19,15:06:18,50151,9B-26-66-01-0B-00-12-E0,1545506,0
2019.4.19,15:06:20,50124,9D-29-66-01-0B-00-12-E0,1547461,0
2019.4.19,15:06:21,50124,9D-29-66-01-0B-00-12-E0,1548262,0
2019.4.19,15:06:21,50124,9D-29-66-01-0B-00-12-E0,1548662,0
2019.4.19,15:06:22,50151,9B-26-66-01-0B-00-12-E0,1549477,0
2019.4.19,15:06:23,50124,9D-29-66-01-0B-00-12-E0,1549797,0
2019.4.19,15:06:23,50124,9D-29-66-01-0B-00-12-E0,1550194,0
2019.4.19,15:06:23,50124,9D-29-66-01-0B-00-12-E0,1550594,0
2019.4.19,15:06:24,50124,9D-29-66-01-0B-00-12-E0,1551024,0
2019.4.19,15:06:24,50124,9D-29-66-01-0B-00-12-E0,1551454,0
2019.4.19,15:06:24,50151,9B-26-66-01-0B-00-12-E0,1551661,0
2019.4.19,15:06:25,50124,9D-29-66-01-0B-00-12-E0,1551879,0
2019.4.19,15:06:26,50124,9D-29-66-01-0B-00-12-E0,1552978,0
2019.4.19,15:06:26,50124,9D-29-66-01-0B-00-12-E0,1553379,0
2019.4.19,15:06:27,50124,9D-29-66-01-0B-00-12-E0,1554179,0
2019.4.19,15:06:27,50124,9D-29-66-01-0B-00-12-E0,1554610,0
2019.4.19,15:06:28,50124,9D-29-66-01-0B-00-12-E0,1554977,0
2019.4.19,15:06:28,50124,9D-29-66-01-0B-00-12-E0,1555409,0
2019.4.19,15:06:29,50124,9D-29-66-01-0B-00-12-E0,1556176,0
2019.4.19,15:06:30,50151,9B-26-66-01-0B-00-12-E0,1557427,0
2019.4.19,15:06:30,50124,9D-29-66-01-0B-00-12-E0,1557645,0
2019.4.19,15:06:31,50124,9D-29-66-01-0B-00-12-E0,1558078,0
2019.4.19,15:06:31,50124,9D-29-66-01-0B-00-12-E0,1558480,0
2019.4.19,15:06:32,50124,9D-29-66-01-0B-00-12-E0,1558880,0
2019.4.19,15:06:32,50151,9B-26-66-01-0B-00-12-E0,1558893,0
2019.4.19,15:06:33,50124,9D-29-66-01-0B-00-12-E0,1560013,0
2019.4.19,15:06:33,50124,9D-29-66-01-0B-00-12-E0,1560453,0
2019.4.19,15:06:34,50124,9D-29-66-01-0B-00-12-E0,1560842,0
2019.4.19,15:06:35,50124,9D-29-66-01-0B-00-12-E0,1561970,0
2019.4.19,15:06:35,50124,9D-29-66-01-0B-00-12-E0,1562388,0
2019.4.19,15:06:36,50124,9D-29-66-01-0B-00-12-E0,1563549,0
2019.4.19,15:06:37,50124,9D-29-66-01-0B-00-12-E0,1563969,0
2019.4.19,15:06:37,50151,9B-26-66-01-0B-00-12-E0,1564266,0
2019.4.19,15:06:38,50124,9D-29-66-01-0B-00-12-E0,1564694,0
2019.4.19,15:06:38,50124,9D-29-66-01-0B-00-12-E0,1565118,0
2019.4.19,15:06:38,50124,9D-29-66-01-0B-00-12-E0,1565534,0
2019.4.19,15:06:39,50124,9D-29-66-01-0B-00-12-E0,1565954,0
2019.4.19,15:06:39,50151,9B-26-66-01-0B-00-12-E0,1566108,0
2019.4.19,15:06:39,50124,9D-29-66-01-0B-00-12-E0,1566340,0
2019.4.19,15:06:40,50124,9D-29-66-01-0B-00-12-E0,1567118,0
2019.4.19,15:06:40,50124,9D-29-66-01-0B-00-12-E0,1567541,0
2019.4.19,15:06:41,50124,9D-29-66-01-0B-00-12-E0,1567964,0
2019.4.19,15:06:42,50124,9D-29-66-01-0B-00-12-E0,1568732,0
2019.4.19,15:06:43,50124,9D-29-66-01-0B-00-12-E0,1570198,0
2019.4.19,15:06:44,50151,9B-26-66-01-0B-00-12-E0,1571146,0
2019.4.19,15:06:44,50151,9B-26-66-01-0B-00-12-E0,1571577,0
2019.4.19,15:06:45,50124,9D-29-66-01-0B-00-12-E0,1572003,0
2019.4.19,15:06:45,50124,9D-29-66-01-0B-00-12-E0,1572435,0
2019.4.19,15:06:46,50124,9D-29-66-01-0B-00-12-E0,1572835,0
2019.4.19,15:06:46,50124,9D-29-66-01-0B-00-12-E0,1573234,0
2019.4.19,15:06:47,50124,9D-29-66-01-0B-00-12-E0,1574365,0
2019.4.19,15:06:48,50124,9D-29-66-01-0B-00-12-E0,1574797,0
WARNING: 2 RFID event happened before it was written to file.
2019.4.19,15:06:48,50124,9D-29-66-01-0B-00-12-E0,1575567,0
2019.4.19,15:06:49,50124,9D-29-66-01-0B-00-12-E0,1575995,0
2019.4.19,15:06:49,50124,9D-29-66-01-0B-00-12-E0,1576397,0
2019.4.19,15:06:50,50124,9D-29-66-01-0B-00-12-E0,1576794,0
2019.4.19,15:06:50,50124,9D-29-66-01-0B-00-12-E0,1577229,0
2019.4.19,15:06:50,50124,9D-29-66-01-0B-00-12-E0,1577626,0
2019.4.19,15:06:52,50151,9B-26-66-01-0B-00-12-E0,1578811,0
2019.4.19,15:06:53,50124,9D-29-66-01-0B-00-12-E0,1579798,0
2019.4.19,15:06:53,50124,9D-29-66-01-0B-00-12-E0,1580563,0
2019.4.19,15:06:54,50124,9D-29-66-01-0B-00-12-E0,1580996,0
2019.4.19,15:06:55,50124,9D-29-66-01-0B-00-12-E0,1581765,0
2019.4.19,15:06:55,50124,9D-29-66-01-0B-00-12-E0,1582230,0
2019.4.19,15:06:55,50124,9D-29-66-01-0B-00-12-E0,1582631,0
2019.4.19,15:06:56,50151,9B-26-66-01-0B-00-12-E0,1583144,0
2019.4.19,15:06:56,50124,9D-29-66-01-0B-00-12-E0,1583364,0
2019.4.19,15:06:57,50124,9D-29-66-01-0B-00-12-E0,1584164,0
2019.4.19,15:06:58,50124,9D-29-66-01-0B-00-12-E0,1584932,0
2019.4.19,15:06:58,50151,9B-26-66-01-0B-00-12-E0,1585343,0
2019.4.19,15:06:58,50124,9D-29-66-01-0B-00-12-E0,1585664,0
2019.4.19,15:06:59,50151,9B-26-66-01-0B-00-12-E0,1585778,0
2019.4.19,15:06:59,50124,9D-29-66-01-0B-00-12-E0,1586098,0
2019.4.19,15:06:59,50124,9D-29-66-01-0B-00-12-E0,1586498,0
2019.4.19,15:07:00,50124,9D-29-66-01-0B-00-12-E0,1586930,0
2019.4.19,15:07:02,50124,9D-29-66-01-0B-00-12-E0,1588767,0
2019.4.19,15:07:02,50124,9D-29-66-01-0B-00-12-E0,1589167,0
2019.4.19,15:07:02,50124,9D-29-66-01-0B-00-12-E0,1589598,0
2019.4.19,15:07:03,50124,9D-29-66-01-0B-00-12-E0,1589995,0
2019.4.19,15:07:03,50124,9D-29-66-01-0B-00-12-E0,1590429,0
2019.4.19,15:07:03,50151,9B-26-66-01-0B-00-12-E0,1590440,0
2019.4.19,15:07:04,50151,9B-26-66-01-0B-00-12-E0,1590846,0
2019.4.19,15:07:04,50124,9D-29-66-01-0B-00-12-E0,1591165,0
2019.4.19,15:07:05,50124,9D-29-66-01-0B-00-12-E0,1592299,0
2019.4.19,15:07:05,50151,9B-26-66-01-0B-00-12-E0,1592345,0
2019.4.19,15:07:06,50124,9D-29-66-01-0B-00-12-E0,1592699,0
2019.4.19,15:07:06,50124,9D-29-66-01-0B-00-12-E0,1593131,0
2019.4.19,15:07:06,50124,9D-29-66-01-0B-00-12-E0,1593565,0
2019.4.19,15:07:07,50151,9B-26-66-01-0B-00-12-E0,1593810,0
2019.4.19,15:07:07,50124,9D-29-66-01-0B-00-12-E0,1594663,0
2019.4.19,15:07:08,50124,9D-29-66-01-0B-00-12-E0,1595059,0
2019.4.19,15:07:09,50124,9D-29-66-01-0B-00-12-E0,1596227,0
2019.4.19,15:07:10,50124,9D-29-66-01-0B-00-12-E0,1597005,0
2019.4.19,15:07:11,50124,9D-29-66-01-0B-00-12-E0,1597751,0
2019.4.19,15:07:11,50124,9D-29-66-01-0B-00-12-E0,1598505,0
2019.4.19,15:07:12,50124,9D-29-66-01-0B-00-12-E0,1598942,0
2019.4.19,15:07:12,50124,9D-29-66-01-0B-00-12-E0,1599375,0
2019.4.19,15:07:13,50124,9D-29-66-01-0B-00-12-E0,1600502,0
2019.4.19,15:07:14,50124,9D-29-66-01-0B-00-12-E0,1600869,0
WARNING: 2 RFID event happened before it was written to file.
2019.4.19,15:07:16,50151,9B-26-66-01-0B-00-12-E0,1603079,0
WARNING: 2 RFID event happened before it was written to file.
2019.4.19,15:07:17,50151,9B-26-66-01-0B-00-12-E0,1604581,0
2019.4.19,15:07:19,50124,9D-29-66-01-0B-00-12-E0,1605700,0
2019.4.19,15:07:20,50124,9D-29-66-01-0B-00-12-E0,1607515,0
2019.4.19,15:07:21,50124,9D-29-66-01-0B-00-12-E0,1607916,0
2019.4.19,15:07:22,50151,9B-26-66-01-0B-00-12-E0,1609256,0
2019.4.19,15:07:22,50124,9D-29-66-01-0B-00-12-E0,1609411,0
2019.4.19,15:07:23,50124,9D-29-66-01-0B-00-12-E0,1609851,0
2019.4.19,15:07:23,50124,9D-29-66-01-0B-00-12-E0,1610262,0
2019.4.19,15:07:23,50124,9D-29-66-01-0B-00-12-E0,1610669,0
2019.4.19,15:07:25,50124,9D-29-66-01-0B-00-12-E0,1612485,0
2019.4.19,15:07:26,50151,9B-26-66-01-0B-00-12-E0,1612872,0
2019.4.19,15:07:26,50124,9D-29-66-01-0B-00-12-E0,1612926,0
2019.4.19,15:07:26,50124,9D-29-66-01-0B-00-12-E0,1613348,0
2019.4.19,15:07:26,50151,9B-26-66-01-0B-00-12-E0,1613633,0
2019.4.19,15:07:27,50124,9D-29-66-01-0B-00-12-E0,1613721,0
2019.4.19,15:07:27,50124,9D-29-66-01-0B-00-12-E0,1614510,0
2019.4.19,15:07:28,50124,9D-29-66-01-0B-00-12-E0,1614909,0
2019.4.19,15:07:28,50124,9D-29-66-01-0B-00-12-E0,1615346,0
2019.4.19,15:07:29,50124,9D-29-66-01-0B-00-12-E0,1615777,0
2019.4.19,15:07:29,50124,9D-29-66-01-0B-00-12-E0,1616180,0
2019.4.19,15:07:30,50124,9D-29-66-01-0B-00-12-E0,1616916,0
2019.4.19,15:07:30,50151,9B-26-66-01-0B-00-12-E0,1617635,0
2019.4.19,15:07:32,50124,9D-29-66-01-0B-00-12-E0,1618904,0
2019.4.19,15:07:32,50124,9D-29-66-01-0B-00-12-E0,1619307,0
2019.4.19,15:07:34,50124,9D-29-66-01-0B-00-12-E0,1620772,0
2019.4.19,15:07:35,50124,9D-29-66-01-0B-00-12-E0,1622618,0
2019.4.19,15:07:36,50124,9D-29-66-01-0B-00-12-E0,1623056,0
2019.4.19,15:07:36,50151,9B-26-66-01-0B-00-12-E0,1623403,0
2019.4.19,15:07:37,50124,9D-29-66-01-0B-00-12-E0,1623823,0
2019.4.19,15:07:37,50151,9B-26-66-01-0B-00-12-E0,1624503,0
2019.4.19,15:07:37,50124,9D-29-66-01-0B-00-12-E0,1624555,0
2019.4.19,15:07:38,50124,9D-29-66-01-0B-00-12-E0,1624988,0
2019.4.19,15:07:38,50151,9B-26-66-01-0B-00-12-E0,1625605,0
2019.4.19,15:07:39,50124,9D-29-66-01-0B-00-12-E0,1626123,0
2019.4.19,15:07:40,50151,9B-26-66-01-0B-00-12-E0,1627070,0
2019.4.19,15:07:40,50124,9D-29-66-01-0B-00-12-E0,1627221,0
2019.4.19,15:07:41,50124,9D-29-66-01-0B-00-12-E0,1627987,0
2019.4.19,15:07:41,50124,9D-29-66-01-0B-00-12-E0,1628420,0
2019.4.19,15:07:42,50124,9D-29-66-01-0B-00-12-E0,1629185,0
2019.4.19,15:07:42,50124,9D-29-66-01-0B-00-12-E0,1629618,0
2019.4.19,15:07:43,50124,9D-29-66-01-0B-00-12-E0,1630352,0
2019.4.19,15:07:44,50124,9D-29-66-01-0B-00-12-E0,1631483,0
2019.4.19,15:07:45,50124,9D-29-66-01-0B-00-12-E0,1632250,0
2019.4.19,15:07:46,50124,9D-29-66-01-0B-00-12-E0,1633017,0
2019.4.19,15:07:47,50124,9D-29-66-01-0B-00-12-E0,1633783,0
2019.4.19,15:07:47,50124,9D-29-66-01-0B-00-12-E0,1634181,0
2019.4.19,15:07:47,50124,9D-29-66-01-0B-00-12-E0,1634588,0
2019.4.19,15:07:48,50124,9D-29-66-01-0B-00-12-E0,1635041,0
2019.4.19,15:07:48,50151,9B-26-66-01-0B-00-12-E0,1635332,0
2019.4.19,15:07:49,50151,9B-26-66-01-0B-00-12-E0,1635752,0
2019.4.19,15:07:50,50124,9D-29-66-01-0B-00-12-E0,1637248,0
2019.4.19,15:07:51,50151,9B-26-66-01-0B-00-12-E0,1638286,0
2019.4.19,15:07:51,50151,9B-26-66-01-0B-00-12-E0,1638671,0
2019.4.19,15:07:52,50124,9D-29-66-01-0B-00-12-E0,1639407,0
2019.4.19,15:07:53,50124,9D-29-66-01-0B-00-12-E0,1639811,0
2019.4.19,15:07:54,50124,9D-29-66-01-0B-00-12-E0,1641667,0
2019.4.19,15:07:55,50151,9B-26-66-01-0B-00-12-E0,1641945,0
2019.4.19,15:07:55,50151,9B-26-66-01-0B-00-12-E0,1642380,0
2019.4.19,15:07:57,50124,9D-29-66-01-0B-00-12-E0,1643866,0
2019.4.19,15:07:57,50124,9D-29-66-01-0B-00-12-E0,1644270,0
2019.4.19,15:08:00,50124,9D-29-66-01-0B-00-12-E0,1647186,0
2019.4.19,15:08:00,50151,9B-26-66-01-0B-00-12-E0,1647433,0
2019.4.19,15:08:01,50151,9B-26-66-01-0B-00-12-E0,1647799,0
2019.4.19,15:08:02,50124,9D-29-66-01-0B-00-12-E0,1649020,0
2019.4.19,15:08:02,50124,9D-29-66-01-0B-00-12-E0,1649452,0
2019.4.19,15:08:03,50124,9D-29-66-01-0B-00-12-E0,1650215,0
2019.4.19,15:08:03,50151,9B-26-66-01-0B-00-12-E0,1650361,0
2019.4.19,15:08:03,50124,9D-29-66-01-0B-00-12-E0,1650614,0
2019.4.19,15:08:04,50151,9B-26-66-01-0B-00-12-E0,1650790,0
2019.4.19,15:08:04,50124,9D-29-66-01-0B-00-12-E0,1651039,0
2019.4.19,15:08:04,50151,9B-26-66-01-0B-00-12-E0,1651218,0
2019.4.19,15:08:05,50124,9D-29-66-01-0B-00-12-E0,1652504,0
2019.4.19,15:08:06,50124,9D-29-66-01-0B-00-12-E0,1653303,0
2019.4.19,15:08:07,50124,9D-29-66-01-0B-00-12-E0,1653700,0
2019.4.19,15:08:07,50124,9D-29-66-01-0B-00-12-E0,1654090,0
2019.4.19,15:08:08,50124,9D-29-66-01-0B-00-12-E0,1654856,0
2019.4.19,15:08:09,50151,9B-26-66-01-0B-00-12-E0,1655901,0
2019.4.19,15:08:09,50124,9D-29-66-01-0B-00-12-E0,1656020,0
2019.4.19,15:08:10,50151,9B-26-66-01-0B-00-12-E0,1657367,0
2019.4.19,15:08:11,50124,9D-29-66-01-0B-00-12-E0,1658222,0
2019.4.19,15:08:11,50124,9D-29-66-01-0B-00-12-E0,1658588,0
2019.4.19,15:08:12,50151,9B-26-66-01-0B-00-12-E0,1658833,0
2019.4.19,15:08:12,50124,9D-29-66-01-0B-00-12-E0,1659389,0
2019.4.19,15:08:12,50151,9B-26-66-01-0B-00-12-E0,1659599,0
2019.4.19,15:08:13,50151,9B-26-66-01-0B-00-12-E0,1660028,0
2019.4.19,15:08:13,50124,9D-29-66-01-0B-00-12-E0,1660145,0
2019.4.19,15:08:14,50151,9B-26-66-01-0B-00-12-E0,1661156,0
2019.4.19,15:08:15,50151,9B-26-66-01-0B-00-12-E0,1661921,0
2019.4.19,15:08:16,50124,9D-29-66-01-0B-00-12-E0,1662706,0
2019.4.19,15:08:16,50151,9B-26-66-01-0B-00-12-E0,1663052,0
2019.4.19,15:08:16,50124,9D-29-66-01-0B-00-12-E0,1663105,0
2019.4.19,15:08:17,50151,9B-26-66-01-0B-00-12-E0,1664520,0
2019.4.19,15:08:17,50124,9D-29-66-01-0B-00-12-E0,1664605,0
2019.4.19,15:08:18,50124,9D-29-66-01-0B-00-12-E0,1665005,0
2019.4.19,15:08:18,50151,9B-26-66-01-0B-00-12-E0,1665319,0
2019.4.19,15:08:19,50151,9B-26-66-01-0B-00-12-E0,1666452,0
2019.4.19,15:08:19,50124,9D-29-66-01-0B-00-12-E0,1666505,0
2019.4.19,15:08:20,50151,9B-26-66-01-0B-00-12-E0,1666818,0
2019.4.19,15:08:20,50124,9D-29-66-01-0B-00-12-E0,1666935,0
2019.4.19,15:08:20,50151,9B-26-66-01-0B-00-12-E0,1667620,0
2019.4.19,15:08:20,50124,9D-29-66-01-0B-00-12-E0,1667672,0
2019.4.19,15:08:22,50124,9D-29-66-01-0B-00-12-E0,1669540,0
2019.4.19,15:08:23,50124,9D-29-66-01-0B-00-12-E0,1669940,0
2019.4.19,15:08:23,50124,9D-29-66-01-0B-00-12-E0,1670372,0
2019.4.19,15:08:24,50124,9D-29-66-01-0B-00-12-E0,1670773,0
2019.4.19,15:08:24,50151,9B-26-66-01-0B-00-12-E0,1671221,0
2019.4.19,15:08:24,50124,9D-29-66-01-0B-00-12-E0,1671541,0
2019.4.19,15:08:25,50151,9B-26-66-01-0B-00-12-E0,1672020,0
2019.4.19,15:08:25,50124,9D-29-66-01-0B-00-12-E0,1672675,0
2019.4.19,15:08:26,50151,9B-26-66-01-0B-00-12-E0,1672788,0
2019.4.19,15:08:26,50124,9D-29-66-01-0B-00-12-E0,1673073,0
2019.4.19,15:08:27,50124,9D-29-66-01-0B-00-12-E0,1673874,0
2019.4.19,15:08:28,50151,9B-26-66-01-0B-00-12-E0,1675673,0
2019.4.19,15:08:30,50124,9D-29-66-01-0B-00-12-E0,1676775,0
2019.4.19,15:08:30,50151,9B-26-66-01-0B-00-12-E0,1677122,0
2019.4.19,15:08:31,50124,9D-29-66-01-0B-00-12-E0,1677877,0
2019.4.19,15:08:31,50124,9D-29-66-01-0B-00-12-E0,1678308,0
2019.4.19,15:08:32,50124,9D-29-66-01-0B-00-12-E0,1678711,0
2019.4.19,15:08:33,50124,9D-29-66-01-0B-00-12-E0,1679838,0
2019.4.19,15:08:33,50151,9B-26-66-01-0B-00-12-E0,1680398,0
2019.4.19,15:08:34,50124,9D-29-66-01-0B-00-12-E0,1681303,0
2019.4.19,15:08:35,50124,9D-29-66-01-0B-00-12-E0,1682094,0
2019.4.19,15:08:35,50151,9B-26-66-01-0B-00-12-E0,1682241,0
2019.4.19,15:08:35,50124,9D-29-66-01-0B-00-12-E0,1682501,0
2019.4.19,15:08:36,50151,9B-26-66-01-0B-00-12-E0,1683026,0
2019.4.19,15:08:36,50124,9D-29-66-01-0B-00-12-E0,1683287,0
2019.4.19,15:08:37,50124,9D-29-66-01-0B-00-12-E0,1683697,0
2019.4.19,15:08:39,50124,9D-29-66-01-0B-00-12-E0,1686593,0
2019.4.19,15:08:40,50124,9D-29-66-01-0B-00-12-E0,1687371,0
2019.4.19,15:08:41,50124,9D-29-66-01-0B-00-12-E0,1687778,0
2019.4.19,15:08:41,50124,9D-29-66-01-0B-00-12-E0,1688189,0
2019.4.19,15:08:42,50124,9D-29-66-01-0B-00-12-E0,1688945,0
2019.4.19,15:08:43,50124,9D-29-66-01-0B-00-12-E0,1689728,0
2019.4.19,15:08:44,50124,9D-29-66-01-0B-00-12-E0,1691576,0
2019.4.19,15:08:46,50124,9D-29-66-01-0B-00-12-E0,1692708,0
2019.4.19,15:08:46,50151,9B-26-66-01-0B-00-12-E0,1692988,0
2019.4.19,15:08:46,50124,9D-29-66-01-0B-00-12-E0,1693140,0
2019.4.19,15:08:47,50151,9B-26-66-01-0B-00-12-E0,1694487,0
2019.4.19,15:08:47,50124,9D-29-66-01-0B-00-12-E0,1694607,0
2019.4.19,15:08:48,50151,9B-26-66-01-0B-00-12-E0,1694884,0
2019.4.19,15:08:48,50124,9D-29-66-01-0B-00-12-E0,1695374,0
2019.4.19,15:08:50,50124,9D-29-66-01-0B-00-12-E0,1697234,0
2019.4.19,15:08:51,50124,9D-29-66-01-0B-00-12-E0,1697990,0
2019.4.19,15:08:51,50124,9D-29-66-01-0B-00-12-E0,1698387,0
2019.4.19,15:08:52,50151,9B-26-66-01-0B-00-12-E0,1698866,0
2019.4.19,15:08:52,50124,9D-29-66-01-0B-00-12-E0,1699518,0
2019.4.19,15:08:53,50124,9D-29-66-01-0B-00-12-E0,1699950,0
2019.4.19,15:08:54,50124,9D-29-66-01-0B-00-12-E0,1701110,0
2019.4.19,15:08:54,50151,9B-26-66-01-0B-00-12-E0,1701455,0
2019.4.19,15:08:54,50124,9D-29-66-01-0B-00-12-E0,1701473,0
2019.4.19,15:08:55,50151,9B-26-66-01-0B-00-12-E0,1701850,0
2019.4.19,15:08:55,50124,9D-29-66-01-0B-00-12-E0,1702233,0
2019.4.19,15:08:55,50151,9B-26-66-01-0B-00-12-E0,1702607,0
2019.4.19,15:08:55,50124,9D-29-66-01-0B-00-12-E0,1702659,0
2019.4.19,15:08:56,50124,9D-29-66-01-0B-00-12-E0,1703457,0
2019.4.19,15:08:57,50124,9D-29-66-01-0B-00-12-E0,1703851,0
2019.4.19,15:08:57,50124,9D-29-66-01-0B-00-12-E0,1704608,0
2019.4.19,15:08:58,50151,9B-26-66-01-0B-00-12-E0,1705488,0
2019.4.19,15:08:59,50124,9D-29-66-01-0B-00-12-E0,1706074,0
2019.4.19,15:08:59,50151,9B-26-66-01-0B-00-12-E0,1706286,0
2019.4.19,15:08:59,50124,9D-29-66-01-0B-00-12-E0,1706471,0
2019.4.19,15:09:01,50124,9D-29-66-01-0B-00-12-E0,1708000,0
2019.4.19,15:09:02,50124,9D-29-66-01-0B-00-12-E0,1709459,0
2019.4.19,15:09:03,50124,9D-29-66-01-0B-00-12-E0,1710226,0
2019.4.19,15:09:03,50124,9D-29-66-01-0B-00-12-E0,1710622,0
2019.4.19,15:09:04,50124,9D-29-66-01-0B-00-12-E0,1711412,0
2019.4.19,15:09:05,50124,9D-29-66-01-0B-00-12-E0,1712175,0
2019.4.19,15:09:05,50124,9D-29-66-01-0B-00-12-E0,1712574,0
2019.4.19,15:09:06,50124,9D-29-66-01-0B-00-12-E0,1713008,0
2019.4.19,15:09:08,50124,9D-29-66-01-0B-00-12-E0,1714842,0
2019.4.19,15:09:08,50124,9D-29-66-01-0B-00-12-E0,1715278,0
2019.4.19,15:09:09,50124,9D-29-66-01-0B-00-12-E0,1715993,0
2019.4.19,15:09:09,50124,9D-29-66-01-0B-00-12-E0,1716434,0
2019.4.19,15:09:10,50124,9D-29-66-01-0B-00-12-E0,1717555,0
2019.4.19,15:09:11,50124,9D-29-66-01-0B-00-12-E0,1718336,0
2019.4.19,15:09:12,50124,9D-29-66-01-0B-00-12-E0,1719081,0
2019.4.19,15:09:12,50124,9D-29-66-01-0B-00-12-E0,1719516,0
2019.4.19,15:09:14,50124,9D-29-66-01-0B-00-12-E0,1721330,0
2019.4.19,15:09:15,50124,9D-29-66-01-0B-00-12-E0,1721776,0
2019.4.19,15:09:15,50124,9D-29-66-01-0B-00-12-E0,1722188,0
2019.4.19,15:09:16,50124,9D-29-66-01-0B-00-12-E0,1722949,0
2019.4.19,15:09:17,50124,9D-29-66-01-0B-00-12-E0,1724415,0
2019.4.19,15:09:18,50124,9D-29-66-01-0B-00-12-E0,1724801,0
2019.4.19,15:09:19,50124,9D-29-66-01-0B-00-12-E0,1726670,0
2019.4.19,15:09:20,50124,9D-29-66-01-0B-00-12-E0,1727418,0
2019.4.19,15:09:21,50124,9D-29-66-01-0B-00-12-E0,1728195,0
2019.4.19,15:09:21,50124,9D-29-66-01-0B-00-12-E0,1728598,0
2019.4.19,15:09:22,50124,9D-29-66-01-0B-00-12-E0,1729366,0
2019.4.19,15:09:24,50124,9D-29-66-01-0B-00-12-E0,1731565,0
2019.4.19,15:09:25,50124,9D-29-66-01-0B-00-12-E0,1731964,0
2019.4.19,15:09:25,50124,9D-29-66-01-0B-00-12-E0,1732397,0
2019.4.19,15:09:26,50124,9D-29-66-01-0B-00-12-E0,1732797,0
2019.4.19,15:09:26,50124,9D-29-66-01-0B-00-12-E0,1733231,0
2019.4.19,15:09:27,50124,9D-29-66-01-0B-00-12-E0,1733996,0
2019.4.19,15:09:28,50124,9D-29-66-01-0B-00-12-E0,1734735,0
2019.4.19,15:09:28,50124,9D-29-66-01-0B-00-12-E0,1735165,0
2019.4.19,15:09:32,50124,9D-29-66-01-0B-00-12-E0,1739502,0
2019.4.19,15:09:33,50124,9D-29-66-01-0B-00-12-E0,1739915,0
2019.4.19,15:09:33,50124,9D-29-66-01-0B-00-12-E0,1740329,0
2019.4.19,15:09:34,50124,9D-29-66-01-0B-00-12-E0,1740745,0
2019.4.19,15:09:34,50124,9D-29-66-01-0B-00-12-E0,1741157,0
2019.4.19,15:09:34,50124,9D-29-66-01-0B-00-12-E0,1741572,0
2019.4.19,15:09:35,50124,9D-29-66-01-0B-00-12-E0,1741988,0
2019.4.19,15:09:35,50124,9D-29-66-01-0B-00-12-E0,1742370,0
2019.4.19,15:09:36,50124,9D-29-66-01-0B-00-12-E0,1742783,0
2019.4.19,15:09:36,50124,9D-29-66-01-0B-00-12-E0,1743199,0
2019.4.19,15:09:37,50124,9D-29-66-01-0B-00-12-E0,1743999,0
2019.4.19,15:09:38,50124,9D-29-66-01-0B-00-12-E0,1745445,0
2019.4.19,15:09:39,50124,9D-29-66-01-0B-00-12-E0,1746213,0
2019.4.19,15:09:39,50124,9D-29-66-01-0B-00-12-E0,1746626,0
2019.4.19,15:09:40,50124,9D-29-66-01-0B-00-12-E0,1747417,0
2019.4.19,15:09:41,50124,9D-29-66-01-0B-00-12-E0,1747791,0
2019.4.19,15:09:41,50151,9B-26-66-01-0B-00-12-E0,1747943,1
2019.4.19,15:09:42,50124,9D-29-66-01-0B-00-12-E0,1749272,0
2019.4.19,15:09:43,50124,9D-29-66-01-0B-00-12-E0,1749680,0
2019.4.19,15:09:46,50124,9D-29-66-01-0B-00-12-E0,1753309,0
2019.4.19,15:09:47,50124,9D-29-66-01-0B-00-12-E0,1753742,0
2019.4.19,15:09:47,50124,9D-29-66-01-0B-00-12-E0,1754105,0
2019.4.19,15:09:47,50124,9D-29-66-01-0B-00-12-E0,1754530,0
2019.4.19,15:09:48,50124,9D-29-66-01-0B-00-12-E0,1754928,0
2019.4.19,15:09:48,50151,9B-26-66-01-0B-00-12-E0,1755105,0
2019.4.19,15:09:49,50124,9D-29-66-01-0B-00-12-E0,1755724,0
2019.4.19,15:09:49,50124,9D-29-66-01-0B-00-12-E0,1756123,0
2019.4.19,15:09:49,50124,9D-29-66-01-0B-00-12-E0,1756516,0
2019.4.19,15:09:50,50124,9D-29-66-01-0B-00-12-E0,1757645,0
2019.4.19,15:09:51,50124,9D-29-66-01-0B-00-12-E0,1758406,0
2019.4.19,15:09:52,50124,9D-29-66-01-0B-00-12-E0,1758832,0
2019.4.19,15:09:53,50124,9D-29-66-01-0B-00-12-E0,1759945,0
2019.4.19,15:09:54,50124,9D-29-66-01-0B-00-12-E0,1760706,0
2019.4.19,15:09:55,50124,9D-29-66-01-0B-00-12-E0,1762199,0
2019.4.19,15:09:56,50124,9D-29-66-01-0B-00-12-E0,1762999,0
2019.4.19,15:09:56,50124,9D-29-66-01-0B-00-12-E0,1763407,0
2019.4.19,15:09:57,50124,9D-29-66-01-0B-00-12-E0,1764152,0
2019.4.19,15:09:58,50124,9D-29-66-01-0B-00-12-E0,1764925,0
2019.4.19,15:09:58,50124,9D-29-66-01-0B-00-12-E0,1765365,0
2019.4.19,15:09:59,50124,9D-29-66-01-0B-00-12-E0,1765801,0
2019.4.19,15:10:00,50124,9D-29-66-01-0B-00-12-E0,1767615,0
2019.4.19,15:10:01,50124,9D-29-66-01-0B-00-12-E0,1768017,0
2019.4.19,15:10:01,50124,9D-29-66-01-0B-00-12-E0,1768416,0
2019.4.19,15:10:02,50124,9D-29-66-01-0B-00-12-E0,1769233,0
2019.4.19,15:10:03,50124,9D-29-66-01-0B-00-12-E0,1769964,0
2019.4.19,15:10:04,50124,9D-29-66-01-0B-00-12-E0,1770736,0
2019.4.19,15:10:04,50124,9D-29-66-01-0B-00-12-E0,1771159,0
2019.4.19,15:10:05,50124,9D-29-66-01-0B-00-12-E0,1771924,0
2019.4.19,15:10:06,50124,9D-29-66-01-0B-00-12-E0,1773080,0
2019.4.19,15:10:06,50124,9D-29-66-01-0B-00-12-E0,1773452,0
2019.4.19,15:10:06,50151,9B-26-66-01-0B-00-12-E0,1773671,0
2019.4.19,15:10:07,50124,9D-29-66-01-0B-00-12-E0,1773863,0
2019.4.19,15:10:07,50151,9B-26-66-01-0B-00-12-E0,1774425,0
2019.4.19,15:10:08,50124,9D-29-66-01-0B-00-12-E0,1775343,0
2019.4.19,15:10:09,50124,9D-29-66-01-0B-00-12-E0,1776143,0
2019.4.19,15:10:10,50124,9D-29-66-01-0B-00-12-E0,1776898,0
2019.4.19,15:10:10,50124,9D-29-66-01-0B-00-12-E0,1777310,0
2019.4.19,15:10:11,50124,9D-29-66-01-0B-00-12-E0,1777721,0
2019.4.19,15:10:12,50124,9D-29-66-01-0B-00-12-E0,1779219,0
2019.4.19,15:10:12,50124,9D-29-66-01-0B-00-12-E0,1779635,0
2019.4.19,15:10:13,50124,9D-29-66-01-0B-00-12-E0,1780375,0
2019.4.19,15:10:14,50124,9D-29-66-01-0B-00-12-E0,1781137,0
2019.4.19,15:10:14,50124,9D-29-66-01-0B-00-12-E0,1781546,0
2019.4.19,15:10:15,50124,9D-29-66-01-0B-00-12-E0,1782318,0
2019.4.19,15:10:16,50124,9D-29-66-01-0B-00-12-E0,1782733,0
2019.4.19,15:10:16,50124,9D-29-66-01-0B-00-12-E0,1783111,0
2019.4.19,15:10:17,50124,9D-29-66-01-0B-00-12-E0,1783911,0
2019.4.19,15:10:17,50124,9D-29-66-01-0B-00-12-E0,1784311,0
2019.4.19,15:10:18,50124,9D-29-66-01-0B-00-12-E0,1784750,0
2019.4.19,15:10:18,50124,9D-29-66-01-0B-00-12-E0,1785149,0
2019.4.19,15:10:19,50124,9D-29-66-01-0B-00-12-E0,1785917,0
2019.4.19,15:10:19,50124,9D-29-66-01-0B-00-12-E0,1786316,0
2019.4.19,15:10:20,50124,9D-29-66-01-0B-00-12-E0,1786749,0
2019.4.19,15:10:21,50124,9D-29-66-01-0B-00-12-E0,1788196,0
2019.4.19,15:10:22,50124,9D-29-66-01-0B-00-12-E0,1788967,0
2019.4.19,15:10:22,50124,9D-29-66-01-0B-00-12-E0,1789398,0
2019.4.19,15:10:23,50124,9D-29-66-01-0B-00-12-E0,1789831,0
2019.4.19,15:10:23,50124,9D-29-66-01-0B-00-12-E0,1790602,0
2019.4.19,15:10:24,50124,9D-29-66-01-0B-00-12-E0,1791004,0
2019.4.19,15:10:25,50124,9D-29-66-01-0B-00-12-E0,1791774,0
2019.4.19,15:10:25,50124,9D-29-66-01-0B-00-12-E0,1792517,0
2019.4.19,15:10:28,50124,9D-29-66-01-0B-00-12-E0,1795447,0
2019.4.19,15:10:29,50124,9D-29-66-01-0B-00-12-E0,1796182,0
2019.4.19,15:10:30,50124,9D-29-66-01-0B-00-12-E0,1796947,0
2019.4.19,15:10:31,50124,9D-29-66-01-0B-00-12-E0,1798087,0
2019.4.19,15:10:35,50124,9D-29-66-01-0B-00-12-E0,1801712,0
2019.4.19,15:10:36,50124,9D-29-66-01-0B-00-12-E0,1802848,0
2019.4.19,15:10:38,50124,9D-29-66-01-0B-00-12-E0,1805016,0
2019.4.19,15:10:42,50124,9D-29-66-01-0B-00-12-E0,1809349,0
2019.4.19,15:10:44,50124,9D-29-66-01-0B-00-12-E0,1811548,0
2019.4.19,15:10:45,50124,9D-29-66-01-0B-00-12-E0,1811976,0
2019.4.19,15:11:13,50124,9D-29-66-01-0B-00-12-E0,1839738,0
2019.4.19,15:11:14,50124,9D-29-66-01-0B-00-12-E0,1840847,0
2019.4.19,15:11:14,50124,9D-29-66-01-0B-00-12-E0,1841253,0
2019.4.19,15:11:37,50151,9B-26-66-01-0B-00-12-E0,1864386,1
2019.4.19,15:11:38,50151,9B-26-66-01-0B-00-12-E0,1864820,0
2019.4.19,15:11:42,50151,9B-26-66-01-0B-00-12-E0,1869487,0
2019.4.19,15:11:52,50151,9B-26-66-01-0B-00-12-E0,1879104,0
2019.4.19,15:11:53,50151,9B-26-66-01-0B-00-12-E0,1880586,0
2019.4.19,15:12:06,50150,AE-25-66-01-0B-00-12-E0,1893308,1
2019.4.19,15:12:07,50150,AE-25-66-01-0B-00-12-E0,1893724,0
2019.4.19,15:12:07,50150,AE-25-66-01-0B-00-12-E0,1894106,0
2019.4.19,15:12:07,50150,AE-25-66-01-0B-00-12-E0,1894525,0
2019.4.19,15:12:08,50150,AE-25-66-01-0B-00-12-E0,1894975,0
2019.4.19,15:12:08,50150,AE-25-66-01-0B-00-12-E0,1895396,0
2019.4.19,15:12:12,50124,9D-29-66-01-0B-00-12-E0,1899628,1
2019.4.19,15:12:13,50124,9D-29-66-01-0B-00-12-E0,1900064,0
2019.4.19,15:12:14,50124,9D-29-66-01-0B-00-12-E0,1901151,0
2019.4.19,15:12:14,50124,9D-29-66-01-0B-00-12-E0,1901562,0
2019.4.19,15:12:18,50124,9D-29-66-01-0B-00-12-E0,1905192,0
2019.4.19,15:12:19,50124,9D-29-66-01-0B-00-12-E0,1905991,0
2019.4.19,15:12:20,50124,9D-29-66-01-0B-00-12-E0,1906722,0
2019.4.19,15:12:20,50124,9D-29-66-01-0B-00-12-E0,1907123,0
2019.4.19,15:12:21,50124,9D-29-66-01-0B-00-12-E0,1907924,0
2019.4.19,15:12:22,50124,9D-29-66-01-0B-00-12-E0,1909025,0
2019.4.19,15:12:22,50124,9D-29-66-01-0B-00-12-E0,1909489,0
2019.4.19,15:12:23,50124,9D-29-66-01-0B-00-12-E0,1909853,0
2019.4.19,15:12:23,50124,9D-29-66-01-0B-00-12-E0,1910281,0
2019.4.19,15:12:24,50124,9D-29-66-01-0B-00-12-E0,1910710,0
2019.4.19,15:12:24,50124,9D-29-66-01-0B-00-12-E0,1911107,0
2019.4.19,15:12:24,50124,9D-29-66-01-0B-00-12-E0,1911503,0
2019.4.19,15:12:25,50124,9D-29-66-01-0B-00-12-E0,1911936,0
2019.4.19,15:12:25,50150,AE-25-66-01-0B-00-12-E0,1912516,0
2019.4.19,15:12:26,50124,9D-29-66-01-0B-00-12-E0,1912707,0
2019.4.19,15:12:26,50124,9D-29-66-01-0B-00-12-E0,1913106,0
2019.4.19,15:12:26,50124,9D-29-66-01-0B-00-12-E0,1913540,0
2019.4.19,15:12:30,50150,AE-25-66-01-0B-00-12-E0,1916847,0
2019.4.19,15:12:30,50150,AE-25-66-01-0B-00-12-E0,1917247,0
2019.4.19,15:12:31,50150,AE-25-66-01-0B-00-12-E0,1917691,0
2019.4.19,15:12:31,50150,AE-25-66-01-0B-00-12-E0,1918094,0
2019.4.19,15:12:32,50150,AE-25-66-01-0B-00-12-E0,1919594,0
2019.4.19,15:12:33,50150,AE-25-66-01-0B-00-12-E0,1920375,0
2019.4.19,15:12:44,50150,AE-25-66-01-0B-00-12-E0,1931424,0
2019.4.19,15:12:45,50150,AE-25-66-01-0B-00-12-E0,1931824,0
2019.4.19,15:12:45,50150,AE-25-66-01-0B-00-12-E0,1932258,0
